Site,Precip_Condition,WaterYear
405CE0280,Wet,1995
405CE0280,Wet,1998
405CE0280,Dry,1997
405CE0280,Dry,2006
405CE0280,Average,2003
405CE0280,Average,2000
719ADCNPS,Wet,2001
719ADCNPS,Wet,1998
719FCA001,Wet,2001
719FCA001,Wet,1998
719MISSCK,Wet,1997
719MISSCK,Wet,1998
719TRMDSS,Wet,1998
719TRMDSS,Wet,2001
722PS0535,Average,2006
722PS0535,Average,1997
722PS0535,Wet,2001
722PS0535,Wet,2008
722PS0535,Dry,2007
722PS0535,Dry,2002
801WE1020,Dry,2007
801WE1020,Dry,2002
801WE1020,Wet,2008
801WE1020,Wet,2011
801WE1020,Average,2004
801WE1020,Average,2006
802WE0794,Wet,2005
802WE0794,Wet,1995
802WE0794,Average,1996
802WE0794,Average,2009
802WE0794,Dry,1999
802WE0794,Dry,2000
SGUT502,Wet,1995
SGUT502,Wet,1998
SGUT502,Average,2000
SGUT502,Average,2003
SGUT502,Dry,2004
SGUT502,Dry,2007
SMC00480,Wet,1996
SMC00480,Wet,2005
SMC00480,Dry,2004
SMC00480,Dry,2006
SMC00480,Average,2003
SMC00480,Average,1999
SMC01248,Wet,1996
SMC01248,Wet,1998
SMC01248,Dry,2006
SMC01248,Dry,1999
SMC01248,Average,2000
SMC01248,Average,2003
SMC01424,Wet,1996
SMC01424,Wet,1995
SMC01424,Dry,2010
SMC01424,Dry,1999
SMC01424,Average,2000
SMC01424,Average,2004
SMC01504,Wet,1998
SMC01504,Wet,1995
SMC01504,Average,2000
SMC01504,Average,2003
SMC01504,Dry,2006
SMC01504,Dry,1999
SMC01808,Wet,1995
SMC01808,Wet,1992
SMC01808,Average,1996
SMC01808,Average,2003
SMC01808,Dry,2006
SMC01808,Dry,2001
SMC02976,Wet,1998
SMC02976,Wet,1995
SMC02976,Dry,2004
SMC02976,Dry,2007
SMC03452,Wet,2003
SMC03452,Wet,1995
SMC03452,Dry,1999
SMC03452,Dry,2004
SMCR8_020,Wet,2005
SMCR8_020,Wet,1998
SMCR8_020,Average,2006
SMCR8_020,Average,1996
SMCR8_020,Dry,2001
SMCR8_020,Dry,2002
SMCR8_022,Wet,2006
SMCR8_022,Wet,2011
SMCR8_050,Wet,2011
SMCR8_050,Wet,2006
SMCR8_050,Dry,2007
SMCR8_050,Dry,2008
SMCR8_057,Dry,2013
SMCR8_057,Dry,2002
SMCR8_057,Wet,2003
SMCR8_057,Wet,2010
SMCR8_057,Average,2004
SMCR8_057,Average,2006
SMCR8_069,Wet,2011
SMCR8_069,Wet,2005
SMCR8_069,Average,2008
SMCR8_069,Average,2006
SMCR8_069,Dry,2007
SMCR8_069,Dry,2009
SMCR8_126,Wet,2006
SMCR8_126,Wet,2011
SMCR8_168,Wet,2011
SMCR8_168,Wet,2006
SMCR8_168,Dry,2007
SMCR8_168,Dry,2008
404S27470,Dry,2000
404S27470,Dry,2002
404S27470,Wet,2011
404S27470,Wet,2001
404S35418,Dry,1992
404S35418,Dry,1996
404S35418,Wet,1995
404S35418,Wet,1998
801WE1032,Wet,1995
801WE1032,Wet,1998
801WE1032,Average,2003
801WE1032,Average,1997
801WE1032,Dry,2004
801WE1032,Dry,2000
901S00531,Wet,1999
901S00531,Wet,1995
901S00531,Dry,2002
901S00531,Dry,2007
SMC01384,Dry,1996
SMC01384,Dry,1992
SMC01384,Wet,1998
SMC01384,Wet,1995
SMC01555,Wet,1999
SMC01555,Wet,1997
SMC01555,Dry,2002
SMC01555,Dry,2007
801RB8494,Average,1997
801RB8494,Average,1996
801RB8494,Dry,2004
801RB8494,Dry,2007
SMC13214,Wet,1997
SMC13214,Wet,1995
SMC13214,Average,2001
SMC13214,Average,2006
SMC13214,Dry,1999
SMC13214,Dry,2008
SMC21822,Wet,1995
SMC21822,Wet,2005
SMC21822,Average,2009
SMC21822,Average,1996
SMC21822,Dry,2006
SMC21822,Dry,2004
SMC24222,Wet,1995
SMC24222,Wet,1997
SMC24222,Average,2001
SMC24222,Average,1996
SMC24222,Dry,2007
SMC24222,Dry,2009
SMCR8_085,Dry,1996
SMCR8_085,Dry,1992
SMCR8_085,Wet,1995
SMCR8_085,Wet,1993
SMCR8_528,Wet,2005
SMCR8_528,Wet,1995
SMCR8_528,Average,2009
SMCR8_528,Average,2001
SMCR8_528,Dry,2007
SMCR8_528,Dry,2000
408CAL012,Wet,1993
408CAL012,Wet,1998
408CAL012,Dry,2000
408CAL012,Dry,1996
408CAL012,Average,1997
408CAL012,Average,2001
410CE0284,Wet,1992
410CE0284,Wet,1998
410CE0284,Dry,2007
410CE0284,Dry,1994
410CE0284,Average,2008
410CE0284,Average,2000
412CE0104,Dry,1999
412CE0104,Dry,1991
412CE0104,Wet,2005
412CE0104,Wet,2010
412CE0104,Average,1996
412CE0104,Average,1997
412CE0616,Average,2012
412CE0616,Average,2000
412CE0616,Wet,1993
412CE0616,Wet,1992
412CE0616,Dry,2002
412CE0616,Dry,2004
412CE0732,Average,2003
412CE0732,Average,2006
412CE0732,Wet,1998
412CE0732,Wet,2005
412CE0732,Dry,1997
412CE0732,Dry,1996
801RB8559,Wet,1995
801RB8559,Wet,1993
801S04078,Average,1997
801S04078,Average,1996
801S04078,Dry,2000
801S04078,Dry,1999
906S02246,Dry,2007
906S02246,Dry,2002
906S02246,Wet,2010
906S02246,Wet,2001
906S02246,Average,2004
906S02246,Average,2006
907S02774,Wet,2008
907S02774,Wet,2005
907S02774,Dry,2007
907S02774,Dry,2006
SGLT506,Wet,1995
SGLT506,Wet,1998
SGLT506,Average,2004
SGLT506,Average,1996
SGLT506,Dry,1997
SGLT506,Dry,1999
SMC00198,Dry,2002
SMC00198,Dry,2004
SMC00198,Wet,2013
SMC00198,Wet,2001
SMC00198,Average,2012
SMC00198,Average,2006
SMC00318,Wet,2003
SMC00318,Wet,1998
SMC00318,Average,2009
SMC00318,Average,1999
SMC00318,Dry,2000
SMC00318,Dry,2007
SMC00436,Dry,2002
SMC00436,Dry,1996
SMC00436,Average,2012
SMC00436,Average,2004
SMC00436,Wet,1998
SMC00436,Wet,2005
SMC00957,Wet,1995
SMC00957,Wet,1993
SMC00957,Average,1994
SMC00957,Average,1997
SMC00957,Dry,2004
SMC00957,Dry,1996
SMC01260,Wet,1998
SMC01260,Wet,2006
SMC01260,Average,1996
SMC01260,Average,2004
SMC01260,Dry,1999
SMC01260,Dry,2007
SMC01606,Dry,2002
SMC01606,Dry,2004
SMC01606,Wet,2008
SMC01606,Wet,2003
SMC01606,Average,2006
SMC01606,Average,2013
SMC01726,Average,1997
SMC01726,Average,1996
SMC01726,Wet,2005
SMC01726,Wet,2011
SMC01726,Dry,2008
SMC01726,Dry,2006
SMC01814,Dry,2007
SMC01814,Dry,2002
SMC01814,Wet,2005
SMC01814,Wet,2008
SMC01824,Dry,2009
SMC01824,Dry,2000
SMC01824,Average,2006
SMC01824,Average,2010
SMC01990,Wet,2005
SMC01990,Wet,2008
SMC01990,Average,2009
SMC01990,Average,2004
SMC01990,Dry,2007
SMC01990,Dry,2006
SMC02006,Wet,2003
SMC02006,Wet,2005
SMC02006,Dry,2007
SMC02006,Dry,2013
SMC02228,Dry,1999
SMC02228,Dry,1991
SMC02228,Wet,1992
SMC02228,Wet,1993
SMC02228,Average,2006
SMC02228,Average,2000
SMC02622,Wet,2010
SMC02622,Wet,2005
SMC02622,Average,1997
SMC02622,Average,1996
SMC02622,Dry,2007
SMC02622,Dry,1999
SMC02902,Wet,2003
SMC02902,Wet,2001
SMC02902,Dry,2002
SMC02902,Dry,2004
SMC02902,Average,2006
SMC02902,Average,2013
SMC03687,Wet,1998
SMC03687,Wet,1995
SMC03687,Dry,2000
SMC03687,Dry,1996
SMC04294,Dry,2007
SMC04294,Dry,2000
SMC04294,Wet,2013
SMC04294,Wet,2003
SMC04294,Average,2006
SMC04294,Average,2012
SMC04308,Average,2008
SMC04308,Average,2000
SMC04308,Wet,2011
SMC04308,Wet,2005
SMC04308,Dry,2007
SMC04308,Dry,2009
SMC04749,Wet,1995
SMC04749,Wet,2003
SMC04749,Average,1996
SMC04749,Average,1997
SMC04749,Dry,2002
SMC04749,Dry,2004
SMC05702,Dry,2002
SMC05702,Dry,2004
SMC05702,Wet,2005
SMC05702,Wet,2003
SMC05702,Average,2013
SMC05702,Average,2006
SMC06356,Average,2000
SMC06356,Average,1999
SMC06356,Wet,2011
SMC06356,Wet,2010
SMC06356,Dry,2002
SMC06356,Dry,2004
SMC06918,Wet,2003
SMC06918,Wet,2008
SMC06918,Average,2009
SMC06918,Average,2004
SMC06918,Dry,2013
SMC06918,Dry,2006
SMC08094,Wet,2005
SMC08094,Wet,1997
SMC08094,Average,2010
SMC08094,Average,2006
SMC08094,Dry,1999
SMC08094,Dry,2012
SMC08150,Dry,2002
SMC08150,Dry,2007
SMC08150,Wet,2010
SMC08150,Wet,2003
SMC08150,Average,2004
SMC08150,Average,2013
SMC08766,Average,2008
SMC08766,Average,2006
SMC08766,Wet,2010
SMC08766,Wet,2003
SMC08766,Dry,2004
SMC08766,Dry,2007
SMC09118,Wet,2011
SMC09118,Wet,2005
SMC09118,Average,2001
SMC09118,Average,2006
SMC09118,Dry,2007
SMC09118,Dry,2004
SMC09286,Average,2009
SMC09286,Average,2003
SMC09286,Wet,2008
SMC09286,Wet,2010
SMC09286,Dry,2007
SMC09286,Dry,2013
SMC09534,Wet,2009
SMC09534,Wet,2003
SMC09534,Average,2006
SMC09534,Average,2004
SMC09534,Dry,2007
SMC09534,Dry,2013
SMC12862,Wet,1998
SMC12862,Wet,2010
SMC12862,Average,2009
SMC12862,Average,2001
SMC12862,Dry,2007
SMC12862,Dry,1999
SMC13062,Wet,2005
SMC13062,Wet,2009
SMC13062,Average,2008
SMC13062,Average,1994
SMC13062,Dry,2004
SMC13062,Dry,2006
SMC13630,Dry,1996
SMC13630,Dry,2007
SMC13630,Wet,2003
SMC13630,Wet,2011
SMC13630,Average,2006
SMC13630,Average,2004
SMC15678,Wet,2003
SMC15678,Wet,2001
SMC15678,Dry,2007
SMC15678,Dry,2002
SMC15678,Average,2006
SMC15678,Average,2004
SMC16832,Dry,2000
SMC16832,Dry,2007
SMC16832,Average,2008
SMC16832,Average,2006
SMC16832,Wet,2011
SMC16832,Wet,2010
SMC20032,Dry,2004
SMC20032,Dry,1997
SMC20032,Wet,2003
SMC20032,Wet,2010
SMC20032,Average,2006
SMC20032,Average,2008
SMCR8_011,Wet,2011
SMCR8_011,Wet,1997
SMCR8_011,Average,2009
SMCR8_011,Average,1996
SMCR8_011,Dry,2008
SMCR8_011,Dry,2000
SMCR8_201,Wet,1995
SMCR8_201,Wet,1998
SMCR8_201,Dry,1999
SMCR8_201,Dry,2000
SMCR8_403,Dry,1999
SMCR8_403,Dry,1996
SMCR8_559,Wet,1995
SMCR8_559,Wet,1993
SMCR8_598,Wet,1993
SMCR8_598,Wet,1991
SMCR8_598,Average,1997
SMCR8_598,Average,1992
SMCR8_598,Dry,1999
SMCR8_598,Dry,1996
801RB8361,Wet,1995
801RB8361,Wet,2003
801RB8361,Average,1997
801RB8361,Average,2004
801RB8361,Dry,2007
801RB8361,Dry,2002
801RB8572,Wet,1993
801RB8572,Wet,1995
SMC00375,Wet,1995
SMC00375,Wet,1993
SMC00375,Dry,1994
SMC00375,Dry,1996
SMC01341,Wet,2011
SMC01341,Wet,1995
SMC01341,Average,1997
SMC01341,Average,2010
SMC01341,Dry,2009
SMC01341,Dry,2004
SMC02059,Wet,1995
SMC02059,Wet,1993
SMC02127,Wet,2010
SMC02127,Wet,2011
SMC02573,Wet,1993
SMC02573,Wet,1995
SMC06653,Average,1997
SMC06653,Average,1996
SMC06653,Dry,2006
SMC06653,Dry,2004
SMC18046,Wet,2010
SMC18046,Wet,2011
SMCR8_258,Wet,1993
SMCR8_258,Wet,1995
SMCR8_294,Wet,1995
SMCR8_294,Wet,1998
SMCR8_294,Average,1997
SMCR8_294,Average,1996
SMCR8_294,Dry,2000
SMCR8_294,Dry,2006
SMCR8_351,Wet,2005
SMCR8_351,Wet,1998
SMCR8_351,Average,1996
SMCR8_351,Average,2001
SMCR8_351,Dry,2007
SMCR8_351,Dry,2006
SMCR8_361,Wet,1995
SMCR8_361,Wet,2003
SMCR8_361,Average,1996
SMCR8_361,Average,1997
SMCR8_361,Dry,2007
SMCR8_361,Dry,2002
SMCR8_572,Wet,1995
SMCR8_572,Wet,1993
402BA0079,Wet,2006
402BA0079,Wet,2011
402BA0079,Dry,2007
402BA0079,Dry,2004
402BA0079,Average,2012
402BA0079,Average,2000
402BA0143,Wet,2011
402BA0143,Wet,2010
402BA0143,Dry,2007
402BA0143,Dry,1999
402BA0143,Average,2000
402BA0143,Average,1996
403BA0047,Wet,2010
403BA0047,Wet,2011
403BA0047,Dry,2013
403BA0047,Dry,2012
403FCA022,Wet,2011
403FCA022,Wet,2003
403FCA022,Dry,2000
403FCA022,Dry,2002
403FCA022,Average,2010
403FCA022,Average,1997
403S05247,Wet,2010
403S05247,Wet,2011
408BA0580,Wet,2011
408BA0580,Wet,2010
408BA0580,Dry,2012
408BA0580,Dry,2013
408WE0547,Dry,2007
408WE0547,Dry,1999
408WE0547,Average,2000
408WE0547,Average,2006
408WE0547,Wet,2003
408WE0547,Wet,2005
408WE0654,Dry,1999
408WE0654,Dry,2007
408WE0654,Average,2000
408WE0654,Average,2006
408WE0654,Wet,2005
408WE0654,Wet,2001
802SJR116,Wet,1995
802SJR116,Wet,2005
802SJR116,Dry,2004
802SJR116,Dry,1996
802SJR116,Average,1997
802SJR116,Average,2001
902S01097,Wet,1992
902S01097,Wet,1991
902S01097,Average,2008
902S01097,Average,1994
902S01097,Dry,1996
902S01097,Dry,2013
902SCSCRx,Wet,2011
902SCSCRx,Wet,1992
902SCSCRx,Average,2008
902SCSCRx,Average,2003
902SCSCRx,Dry,2007
902SCSCRx,Dry,2004
SMC00324,Wet,2011
SMC00324,Wet,2010
SMC00324,Dry,2013
SMC00324,Dry,2012
SMC00324,Average,2009
SMC00324,Average,2008
SMC00857,Average,1997
SMC00857,Average,1992
SMC00857,Wet,1993
SMC00857,Wet,2003
SMC00857,Dry,2000
SMC00857,Dry,2002
SMC01161,Wet,2011
SMC01161,Wet,1997
SMC01161,Average,2001
SMC01161,Average,1994
SMC01161,Dry,2002
SMC01161,Dry,1996
SMC04175,Wet,1995
SMC04175,Wet,1997
SMC04175,Dry,2007
SMC04175,Dry,1999
SMC04175,Average,2008
SMC04175,Average,2004
SMC04239,Wet,1993
SMC04239,Wet,2010
SMC04239,Dry,2013
SMC04239,Dry,2009
SMC04239,Average,2008
SMC04239,Average,1996
SMC05199,Wet,2011
SMC05199,Wet,2006
SMC05199,Dry,1999
SMC05199,Dry,2012
SMC05199,Average,1996
SMC05199,Average,2000
SMC05759,Average,2000
SMC05759,Average,1996
SMC05759,Wet,1995
SMC05759,Wet,2010
SMC05759,Dry,1994
SMC05759,Dry,2004
SMC05764,Wet,2003
SMC05764,Wet,2000
SMC08068,Wet,2000
SMC08068,Wet,2003
SMC10756,Wet,2011
SMC10756,Wet,2010
SMC16446,Wet,2003
SMC16446,Wet,2001
SMC16446,Dry,1999
SMC16446,Dry,2007
SMC16446,Average,2008
SMC16446,Average,1997
SMC16980,Wet,2001
SMC16980,Wet,2011
SMC16980,Dry,2002
SMC16980,Dry,2009
SMC16980,Average,2003
SMC16980,Average,2008
SMC26909,Wet,1991
SMC26909,Wet,1995
SMC26909,Dry,2006
SMC26909,Dry,1996
SMC26909,Average,1997
SMC26909,Average,2001
SMC27709,Wet,1993
SMC27709,Wet,1995
SMC27709,Average,2001
SMC27709,Average,1997
SMC27709,Dry,2004
SMC27709,Dry,1996
907P2PBxx,Wet,2010
907P2PBxx,Wet,2004
907P2PBxx,Dry,2013
907P2PBxx,Dry,2006
907P2PBxx,Average,2009
907P2PBxx,Average,2008
SMC00153,Dry,2007
SMC00153,Dry,2002
SMC00153,Average,1997
SMC00153,Average,2000
SMC00153,Wet,2003
SMC00153,Wet,2001
SMC01881,Average,2003
SMC01881,Average,1997
SMC01881,Dry,2002
SMC01881,Dry,2000
SMC02905,Average,1992
SMC02905,Average,1997
SMC02905,Wet,2003
SMC02905,Wet,2001
SMC02905,Dry,2002
SMC02905,Dry,2000
SMC04054,Dry,2006
SMC04054,Dry,2007
SMC04054,Wet,2010
SMC04054,Wet,2003
SMC04054,Average,2004
SMC04054,Average,2013
SMC05109,Wet,2005
SMC05109,Wet,1992
SMC05109,Dry,2004
SMC05109,Dry,2007
SMC05109,Average,2003
SMC05109,Average,1997
SMC08414,Wet,1995
SMC08414,Wet,1998
SMC08414,Average,1996
SMC08414,Average,1997
SMC08414,Dry,2000
SMC08414,Dry,1999
SMC19552,Dry,2006
SMC19552,Dry,2007
SMC19552,Wet,2010
SMC19552,Wet,2003
SMC19552,Average,2004
SMC19552,Average,2013
SMC33179,Wet,2005
SMC33179,Wet,1992
SMC33179,Dry,2004
SMC33179,Dry,1996
SMC33179,Average,1997
SMC33179,Average,2001
SMCR8_532,Wet,1998
SMCR8_532,Wet,1995
SMCR8_532,Dry,1996
SMCR8_532,Dry,2000
SMCR8_532,Average,1997
SMCR8_532,Average,2001
403BA0136,Average,2006
403BA0136,Average,2001
403BA0136,Wet,2005
403BA0136,Wet,1998
403BA0136,Dry,2007
403BA0136,Dry,1996
403S01883,Wet,2005
403S01883,Wet,2008
403S01883,Dry,2004
403S01883,Dry,1996
403S01883,Average,2011
403S01883,Average,2010
901S02873,Dry,2007
901S02873,Dry,2002
901S02873,Wet,2011
901S02873,Wet,2003
901S02873,Average,2004
901S02873,Average,2006
905S01953,Wet,2006
905S01953,Wet,2008
905S01953,Dry,2002
905S01953,Dry,2007
907S01418,Wet,2006
907S01418,Wet,2003
907S01418,Average,1997
907S01418,Average,2001
907S01418,Dry,2004
907S01418,Dry,2002
907S01610,Wet,1992
907S01610,Wet,1998
907S01610,Average,2006
907S01610,Average,2001
907S01610,Dry,1999
907S01610,Dry,2007
907S46499,Dry,2002
907S46499,Dry,2007
907S46499,Wet,2003
907S46499,Wet,2008
SMC02888,Wet,2010
SMC02888,Wet,1995
SMC02888,Dry,1996
SMC02888,Dry,2008
SMC02888,Average,2003
SMC02888,Average,2006
SMC04426,Wet,1992
SMC04426,Wet,1995
SMC04426,Average,1997
SMC04426,Average,2007
SMC04426,Dry,2002
SMC04426,Dry,2000
SMC35837,Wet,1997
SMC35837,Wet,1995
SMC35837,Dry,2004
SMC35837,Dry,1994
SMC35837,Average,2006
SMC35837,Average,2009
SMCR8_453,Wet,1998
SMCR8_453,Wet,1991
SMCR8_453,Dry,2007
SMCR8_453,Dry,2002
SMCR8_453,Average,2006
SMCR8_453,Average,2009
SMC01174,Dry,2002
SMC01174,Dry,2007
SMC01174,Wet,2008
SMC01174,Wet,2006
SMC03533,Wet,1993
SMC03533,Wet,1995
SMC13391,Wet,2011
SMC13391,Wet,2010
SMCR8_055,Dry,1996
SMCR8_055,Dry,1992
SMCR8_055,Wet,1993
SMCR8_055,Wet,1995
314CE0200,Wet,2011
314CE0200,Wet,1992
314CE0200,Dry,2004
314CE0200,Dry,1999
314CE0200,Average,1997
314CE0200,Average,2006
314SYRASV,Wet,1995
314SYRASV,Wet,1998
314SYRASV,Average,1996
314SYRASV,Average,1994
314SYRASV,Dry,1999
314SYRASV,Dry,2004
402BA0335,Wet,1995
402BA0335,Wet,1998
402BA0335,Dry,2002
402BA0335,Dry,1994
402BA0335,Average,2004
402BA0335,Average,2000
403BA0068,Average,2000
403BA0068,Average,2008
403BA0068,Wet,2011
403BA0068,Wet,2001
403BA0068,Dry,2009
403BA0068,Dry,2002
403CE0188,Average,2006
403CE0188,Average,1996
403CE0188,Wet,1998
403CE0188,Wet,1992
403CE0188,Dry,1994
403CE0188,Dry,2002
403S03320,Wet,2011
403S03320,Wet,2008
403S04868,Wet,2011
403S04868,Wet,2010
403S04956,Average,2000
403S04956,Average,2001
403S04956,Wet,2006
403S04956,Wet,1993
403S04956,Dry,1999
403S04956,Dry,2007
SMC01151,Wet,2010
SMC01151,Wet,2011
SMC01215,Average,1991
SMC01215,Average,1996
SMC01215,Wet,1993
SMC01215,Wet,1998
SMC01215,Dry,2002
SMC01215,Dry,1999
SMC04399,Wet,2001
SMC04399,Wet,2003
SMC04399,Dry,2007
SMC04399,Dry,2012
SMC04399,Average,2004
SMC04399,Average,2008
SMC05567,Wet,2011
SMC05567,Wet,2010
SMC05567,Dry,2013
SMC05567,Dry,2009
SMC05567,Average,2008
SMC05567,Average,2012
SMC06079,Average,2008
SMC06079,Average,2000
SMC06079,Wet,2006
SMC06079,Wet,2011
SMC06079,Dry,2007
SMC06079,Dry,1999
SMC08540,Wet,1995
SMC08540,Wet,1998
SMC08540,Dry,2002
SMC08540,Dry,2004
SMC08540,Average,1997
SMC08540,Average,2000
SMC11343,Wet,2010
SMC11343,Wet,1997
SMC11343,Dry,1994
SMC11343,Dry,2007
SMC11343,Average,2008
SMC11343,Average,2000
SMC16892,Wet,2006
SMC16892,Wet,2001
SMC16892,Dry,1999
SMC16892,Dry,1996
SMC16892,Average,1997
SMC16892,Average,2003
SMC17378,Dry,1999
SMC17378,Dry,2004
SMC17378,Wet,2005
SMC17378,Wet,2006
SMC17378,Average,1996
SMC17378,Average,1997
SMC20497,Wet,2005
SMC20497,Wet,2006
SMC20497,Dry,2002
SMC20497,Dry,2012
SMC20497,Average,2010
SMC20497,Average,2009
314WE1046,Wet,2011
314WE1046,Wet,1992
314WE1046,Average,2010
314WE1046,Average,2006
314WE1046,Dry,2002
314WE1046,Dry,2013
909WE0780,Wet,2001
909WE0780,Wet,1998
909WE0780,Average,1997
909WE0780,Average,2007
909WE0780,Dry,2000
909WE0780,Dry,2004
SMC00105,Wet,1997
SMC00105,Wet,1995
SMC00105,Average,1999
SMC00105,Average,1992
SMC00105,Dry,2000
SMC00105,Dry,1996
SMC02092,Dry,2002
SMC02092,Dry,2007
SMC02092,Average,2012
SMC02092,Average,2004
SMC02092,Wet,2003
SMC02092,Wet,2006
SMC04682,Wet,1998
SMC04682,Wet,1992
SMC04682,Average,1996
SMC04682,Average,2006
SMC04682,Dry,2002
SMC04682,Dry,2007
403PRCSFD,Average,1997
403PRCSFD,Average,1996
403PRCSFD,Wet,2005
403PRCSFD,Wet,1993
403PRCSFD,Dry,2007
403PRCSFD,Dry,2002
403S02764,Average,2000
403S02764,Average,1991
403S02764,Wet,1992
403S02764,Wet,2003
403S02764,Dry,2004
403S02764,Dry,1994
403S06904,Average,1992
403S06904,Average,2009
403S06904,Wet,2011
403S06904,Wet,1993
403S06904,Dry,2000
403S06904,Dry,1996
403S07024,Average,2008
403S07024,Average,1991
403S07024,Wet,2010
403S07024,Wet,2011
403S07024,Dry,2013
403S07024,Dry,1999
403S16332,Average,1997
403S16332,Average,2000
403S16332,Wet,2001
403S16332,Wet,2011
403S16332,Dry,1999
403S16332,Dry,1994
403STC009,Average,2000
403STC009,Average,1991
403STC009,Wet,1993
403STC009,Wet,1992
403STC009,Dry,2012
403STC009,Dry,2004
403WE0534,Average,1991
403WE0534,Average,2000
403WE0534,Wet,1992
403WE0534,Wet,1998
403WE0534,Dry,2004
403WE0534,Dry,2012
403WE0535,Average,2000
403WE0535,Average,2008
403WE0535,Wet,1992
403WE0535,Wet,2005
403WE0535,Dry,2007
403WE0535,Dry,2013
SGUR103,Average,2004
SGUR103,Average,2001
SGUR103,Dry,2013
SGUR103,Dry,2002
SGUR103,Wet,2003
SGUR103,Wet,2006
SMC00544,Wet,1998
SMC00544,Wet,1995
SMC00544,Average,1999
SMC00544,Average,2001
SMC00544,Dry,2007
SMC00544,Dry,2002
SMC01155,Wet,1992
SMC01155,Wet,2005
SMC01155,Dry,1999
SMC01155,Dry,2008
SMC01155,Average,1996
SMC01155,Average,2004
SMC02548,Wet,1998
SMC02548,Wet,2008
SMC02548,Average,1994
SMC02548,Average,1999
SMC02548,Dry,2013
SMC02548,Dry,2012
SMC05296,Average,1991
SMC05296,Average,2009
SMC05296,Wet,1995
SMC05296,Wet,2011
SMC05296,Dry,2004
SMC05296,Dry,2007
SMC08157,Wet,1992
SMC08157,Wet,2005
SMC08157,Average,2006
SMC08157,Average,2008
SMC08157,Dry,1996
SMC08157,Dry,1999
SMC26288,Wet,1995
SMC26288,Wet,1998
SMC26288,Dry,1994
SMC26288,Dry,1996
SMC26288,Average,2001
SMC26288,Average,1997
SMC34888,Dry,2000
SMC34888,Dry,1999
SMC34888,Wet,1998
SMC34888,Wet,1992
SMC34888,Average,2001
SMC34888,Average,1997
SMCR8_071,Wet,2011
SMCR8_071,Wet,2001
SMCR8_071,Average,2006
SMCR8_071,Average,2009
SMCR8_071,Dry,1999
SMCR8_071,Dry,2010
SMCR8_142,Wet,1995
SMCR8_142,Wet,1998
SMCR8_142,Dry,1996
SMCR8_142,Dry,2000
SMCR8_142,Average,2001
SMCR8_142,Average,1997
SMCR8_149,Average,1991
SMCR8_149,Average,1996
SMCR8_149,Wet,1998
SMCR8_149,Wet,1997
SMCR8_149,Dry,2009
SMCR8_149,Dry,2004
312SIS,Wet,2001
312SIS,Wet,2004
314SYC,Wet,1995
314SYC,Wet,1993
314SYC,Dry,1999
314SYC,Dry,1994
314SYC,Average,2001
314SYC,Average,2000
402BA0031,Wet,2010
402BA0031,Wet,2011
403S00772,Wet,2010
403S00772,Wet,2011
403S06660,Wet,2010
403S06660,Wet,2011
SMC04047,Wet,2010
SMC04047,Wet,2011
315CE0584,Average,2010
315CE0584,Average,2006
315CE0584,Wet,1993
315CE0584,Wet,1998
315CE0584,Dry,1999
315CE0584,Dry,2003
402BA0095,Dry,2007
402BA0095,Dry,2013
402BA0095,Wet,2011
402BA0095,Wet,2010
402BA0095,Average,2012
402BA0095,Average,2009
403S01195,Average,2000
403S01195,Average,1991
403S01195,Wet,2001
403S01195,Wet,2011
403S01195,Dry,2002
403S01195,Dry,2013
403S01707,Wet,1992
403S01707,Wet,2001
403S01707,Average,2009
403S01707,Average,1994
403S01707,Dry,1999
403S01707,Dry,2007
403S02363,Average,2003
403S02363,Average,1994
403S02363,Wet,1993
403S02363,Wet,2001
403S02363,Dry,2007
403S02363,Dry,2012
403S03643,Average,1997
403S03643,Average,1991
403S03643,Wet,2006
403S03643,Wet,1992
403S03643,Dry,2007
403S03643,Dry,1996
403S05291,Average,2000
403S05291,Average,2008
403S05291,Wet,2010
403S05291,Wet,1995
403S05291,Dry,2009
403S05291,Dry,2004
403S06139,Average,2000
403S06139,Average,1997
403S06139,Wet,1992
403S06139,Wet,2006
403S06139,Dry,2012
403S06139,Dry,2002
403S06315,Wet,1992
403S06315,Wet,1995
403S06315,Average,1994
403S06315,Average,2009
403S06315,Dry,1996
403S06315,Dry,2002
403S07227,Average,1994
403S07227,Average,1996
403S07227,Wet,1995
403S07227,Wet,2011
403S07227,Dry,2013
403S07227,Dry,2002
403SPCNWS,Average,2008
403SPCNWS,Average,1996
403SPCNWS,Wet,2001
403SPCNWS,Wet,1995
403SPCNWS,Dry,2009
403SPCNWS,Dry,2007
403STC070,Average,1994
403STC070,Average,1996
403STC070,Wet,2005
403STC070,Wet,1998
403STC070,Dry,2002
403STC070,Dry,2009
403WE0560,Average,1996
403WE0560,Average,1991
403WE0560,Wet,1992
403WE0560,Wet,2001
403WE0560,Dry,1999
403WE0560,Dry,2002
403WE0809,Average,2009
403WE0809,Average,1991
403WE0809,Wet,2006
403WE0809,Wet,1993
403WE0809,Dry,2013
403WE0809,Dry,2002
403WE0905,Average,1997
403WE0905,Average,1994
403WE0905,Wet,2001
403WE0905,Wet,1995
403WE0905,Dry,2009
403WE0905,Dry,1999
903ACPCT1,Wet,2008
903ACPCT1,Wet,2006
903WE0798,Average,1994
903WE0798,Average,2001
903WE0798,Wet,1993
903WE0798,Wet,1995
903WE0798,Dry,2004
903WE0798,Dry,1996
903WE0900,Average,1997
903WE0900,Average,2001
903WE0900,Wet,2006
903WE0900,Wet,1992
903WE0900,Dry,1996
903WE0900,Dry,1999
SGUR010,Dry,1992
SGUR010,Dry,1994
SGUR010,Wet,1996
SGUR010,Wet,1993
SGUR010,Average,2004
SGUR010,Average,2000
SMC00827,Average,1997
SMC00827,Average,1996
SMC00827,Wet,1992
SMC00827,Wet,1998
SMC00827,Dry,2012
SMC00827,Dry,2004
SMC00911,Average,2003
SMC00911,Average,2000
SMC00911,Wet,1993
SMC00911,Wet,1992
SMC00911,Dry,1994
SMC00911,Dry,1999
SMC01413,Average,2001
SMC01413,Average,1997
SMC01413,Wet,1992
SMC01413,Wet,1993
SMC01413,Dry,1996
SMC01413,Dry,2009
SMC03984,Wet,1998
SMC03984,Wet,1995
SMC03984,Average,1996
SMC03984,Average,2003
SMC03984,Dry,2004
SMC03984,Dry,1999
SMC04000,Wet,1998
SMC04000,Wet,1995
SMC04000,Dry,1997
SMC04000,Dry,2004
SMC04000,Average,2003
SMC04000,Average,2000
SMC06863,Average,1997
SMC06863,Average,1991
SMC06863,Wet,2005
SMC06863,Wet,1995
SMC06863,Dry,1999
SMC06863,Dry,2004
SMC08655,Average,1991
SMC08655,Average,2010
SMC08655,Wet,2011
SMC08655,Wet,2008
SMC08655,Dry,2007
SMC08655,Dry,2012
SMC11727,Average,2001
SMC11727,Average,1996
SMC11727,Wet,1993
SMC11727,Wet,1992
SMC11727,Dry,2002
SMC11727,Dry,1994
SMC19945,Average,2010
SMC19945,Average,1996
SMC19945,Wet,1998
SMC19945,Wet,1993
SMC19945,Dry,2002
SMC19945,Dry,2012
SMCR8_587,Wet,1992
SMCR8_587,Wet,2005
SMCR8_587,Dry,2004
SMCR8_587,Dry,2002
SMCR8_587,Average,2006
SMCR8_587,Average,2001
909SSWR03,Dry,2004
909SSWR03,Dry,2013
909SSWR03,Wet,2008
909SSWR03,Wet,2011
909SSWR03,Average,2009
909SSWR03,Average,2006
909WE0662,Dry,2002
909WE0662,Dry,2007
909WE0662,Wet,2008
909WE0662,Wet,2005
909WE0662,Average,2009
909WE0662,Average,2006
SMC00282,Dry,2013
SMC00282,Dry,2007
SMC00282,Wet,2008
SMC00282,Wet,2005
SMC00282,Average,2012
SMC00282,Average,2009
SMC05146,Dry,2007
SMC05146,Dry,2002
SMC05146,Wet,2003
SMC05146,Wet,2011
SMC05146,Average,2006
SMC05146,Average,2012
SMC06298,Dry,2013
SMC06298,Dry,2001
SMC06298,Wet,2006
SMC06298,Wet,2003
SMC06298,Average,2008
SMC06298,Average,2009
SMC06794,Dry,2004
SMC06794,Dry,2007
SMC06794,Wet,2010
SMC06794,Wet,2005
SMC06794,Average,2012
SMC06794,Average,2006
SMCR8_334,Wet,2006
SMCR8_334,Wet,2010
SMCR8_334,Dry,2007
SMCR8_334,Dry,2008
SMCR8_686,Wet,2006
SMCR8_686,Wet,2011
SMC02302,Wet,2001
SMC02302,Wet,2009
SMC02302,Dry,2013
SMC02302,Dry,2007
SMC02302,Average,2004
SMC02302,Average,2006
404CE0316,Wet,2005
404CE0316,Wet,1998
404CE0316,Average,2008
404CE0316,Average,2000
404CE0316,Dry,1999
404CE0316,Dry,2012
SMC03011,Wet,2005
SMC03011,Wet,1995
SMC03011,Average,1996
SMC03011,Average,2011
SMC03011,Dry,2002
SMC03011,Dry,2007
901PS0057,Wet,1998
901PS0057,Wet,1995
901PS0057,Average,2006
901PS0057,Average,1996
901PS0057,Dry,2000
901PS0057,Dry,2002
SMC01934,Average,2006
SMC01934,Average,1996
SMC01934,Wet,1997
SMC01934,Wet,2003
SMC01934,Dry,2007
SMC01934,Dry,2002
404S16516,Wet,1998
404S16516,Wet,2011
404S16516,Average,1996
404S16516,Average,1997
404S16516,Dry,2002
404S16516,Dry,2007
404S28270,Wet,2001
404S28270,Wet,1998
404S28270,Dry,2007
404S28270,Dry,1996
404S28270,Average,2006
404S28270,Average,1997
404S34120,Dry,2007
404S34120,Dry,1996
404S34120,Average,1997
404S34120,Average,2000
404S34120,Wet,1998
404S34120,Wet,2006
901ATCDOS,Wet,1997
901ATCDOS,Wet,1995
901ATCDOS,Average,1996
901ATCDOS,Average,2006
901ATCDOS,Dry,2007
901ATCDOS,Dry,1999
901S00997,Dry,2002
901S00997,Dry,2007
901S00997,Wet,2011
901S00997,Wet,2003
901S00997,Average,2006
901S00997,Average,2004
901S01811,Wet,1993
901S01811,Wet,1997
901S01811,Dry,1996
901S01811,Dry,2002
901S01811,Average,2006
901S01811,Average,1999
901S02702,Wet,1995
901S02702,Wet,1999
901S02702,Dry,2007
901S02702,Dry,2002
901S06798,Wet,1999
901S06798,Wet,1995
901S06798,Dry,2002
901S06798,Dry,2007
901S06851,Wet,1998
901S06851,Wet,1997
901S06851,Average,1996
901S06851,Average,2006
901S06851,Dry,1999
901S06851,Dry,2002
904S02201,Dry,2002
904S02201,Dry,2000
904S02201,Wet,2001
904S02201,Wet,2003
LALT501,Wet,2001
LALT501,Wet,2011
LALT501,Average,2006
LALT501,Average,1996
LALT501,Dry,2002
LALT501,Dry,2013
SMC00206,Wet,1997
SMC00206,Wet,1998
SMC00206,Average,2001
SMC00206,Average,2003
SMC00206,Dry,1999
SMC00206,Dry,2007
SMC00288,Average,2001
SMC00288,Average,1996
SMC00288,Dry,1997
SMC00288,Dry,2007
SMC00288,Wet,2005
SMC00288,Wet,1998
SMC00382,Wet,2006
SMC00382,Wet,1998
SMC00382,Average,2000
SMC00382,Average,2004
SMC00382,Dry,1997
SMC00382,Dry,2012
SMC00479,Average,2012
SMC00479,Average,2000
SMC00479,Wet,2010
SMC00479,Wet,1995
SMC00479,Dry,1999
SMC00479,Dry,1996
SMC00608,Wet,1996
SMC00608,Wet,2011
SMC00608,Average,2012
SMC00608,Average,2004
SMC00608,Dry,2009
SMC00608,Dry,2013
SMC00632,Average,1991
SMC00632,Average,2006
SMC00632,Wet,1993
SMC00632,Wet,1995
SMC00632,Dry,2009
SMC00632,Dry,2007
SMC00684,Wet,2011
SMC00684,Wet,2006
SMC00684,Average,2001
SMC00684,Average,2004
SMC00684,Dry,1999
SMC00684,Dry,1997
SMC00710,Dry,2007
SMC00710,Dry,2002
SMC00710,Wet,2003
SMC00710,Wet,2005
SMC00710,Average,2013
SMC00710,Average,2006
SMC00748,Wet,2005
SMC00748,Wet,2008
SMC00748,Average,1996
SMC00748,Average,2009
SMC00748,Dry,2007
SMC00748,Dry,2002
SMC00873,Wet,1995
SMC00873,Wet,1998
SMC00873,Average,1996
SMC00873,Average,2001
SMC00873,Dry,2000
SMC00873,Dry,2006
SMC00958,Dry,2007
SMC00958,Dry,2006
SMC00958,Average,2009
SMC00958,Average,1997
SMC00958,Wet,2010
SMC00958,Wet,2003
SMC00963,Wet,1991
SMC00963,Wet,1993
SMC00963,Average,2003
SMC00963,Average,1996
SMC00963,Dry,2007
SMC00963,Dry,1999
SMC01158,Wet,2001
SMC01158,Wet,2005
SMC01158,Dry,2007
SMC01158,Dry,2002
SMC01158,Average,2006
SMC01158,Average,2013
SMC01208,Average,1997
SMC01208,Average,1991
SMC01208,Wet,2011
SMC01208,Wet,2005
SMC01208,Dry,2009
SMC01208,Dry,1999
SMC01257,Wet,1997
SMC01257,Wet,1993
SMC01257,Average,2001
SMC01257,Average,1996
SMC01257,Dry,2006
SMC01257,Dry,1999
SMC01358,Wet,2005
SMC01358,Wet,1998
SMC01358,Average,1997
SMC01358,Average,1996
SMC01358,Dry,2006
SMC01358,Dry,2009
SMC01383,Wet,1995
SMC01383,Wet,1998
SMC01383,Dry,1999
SMC01383,Dry,1996
SMC01452,Wet,1998
SMC01452,Wet,2005
SMC01452,Average,2004
SMC01452,Average,2006
SMC01452,Dry,1997
SMC01452,Dry,1999
SMC01454,Wet,1998
SMC01454,Wet,2011
SMC01454,Average,1996
SMC01454,Average,2004
SMC01454,Dry,2013
SMC01454,Dry,2012
SMC01656,Average,2006
SMC01656,Average,2008
SMC01656,Wet,2010
SMC01656,Wet,1998
SMC01656,Dry,2012
SMC01656,Dry,1996
SMC01662,Wet,2005
SMC01662,Wet,2001
SMC01662,Average,2009
SMC01662,Average,2006
SMC01662,Dry,2004
SMC01662,Dry,2007
SMC01772,Wet,1998
SMC01772,Wet,2005
SMC01772,Average,2004
SMC01772,Average,1996
SMC01772,Dry,2007
SMC01772,Dry,1999
SMC01912,Average,1996
SMC01912,Average,2008
SMC01912,Wet,2005
SMC01912,Wet,2010
SMC01912,Dry,1997
SMC01912,Dry,1994
SMC01960,Wet,1998
SMC01960,Wet,1995
SMC01960,Average,2010
SMC01960,Average,1996
SMC01960,Dry,1999
SMC01960,Dry,2006
SMC01987,Wet,1998
SMC01987,Wet,1995
SMC01987,Dry,1996
SMC01987,Dry,2002
SMC01987,Average,2006
SMC01987,Average,1997
SMC02028,Dry,1999
SMC02028,Dry,2007
SMC02028,Average,2012
SMC02028,Average,2004
SMC02028,Wet,2003
SMC02028,Wet,2005
SMC02206,Average,2006
SMC02206,Average,1996
SMC02206,Wet,1998
SMC02206,Wet,1997
SMC02206,Dry,2013
SMC02206,Dry,2012
SMC02270,Average,1992
SMC02270,Average,1997
SMC02270,Wet,1993
SMC02270,Wet,1995
SMC02270,Dry,1996
SMC02270,Dry,2000
SMC02563,Wet,2011
SMC02563,Wet,1995
SMC02563,Average,1996
SMC02563,Average,2006
SMC02563,Dry,1999
SMC02563,Dry,2007
SMC03523,Wet,1998
SMC03523,Wet,1997
SMC03523,Average,2001
SMC03523,Average,2003
SMC03523,Dry,2000
SMC03523,Dry,2002
SMC03929,Average,1992
SMC03929,Average,1997
SMC03929,Wet,2001
SMC03929,Wet,1993
SMC03929,Dry,2002
SMC03929,Dry,2000
SMC04008,Wet,2010
SMC04008,Wet,1992
SMC04008,Average,1996
SMC04008,Average,1997
SMC04008,Dry,2007
SMC04008,Dry,2006
SMC04264,Wet,2011
SMC04264,Wet,2010
SMC04264,Dry,2002
SMC04264,Dry,2007
SMC04264,Average,1997
SMC04264,Average,2006
SMC04441,Average,1997
SMC04441,Average,1992
SMC04441,Wet,1993
SMC04441,Wet,2001
SMC04441,Dry,2002
SMC04441,Dry,2000
SMC04806,Wet,2003
SMC04806,Wet,2001
SMC04806,Dry,2004
SMC04806,Dry,2007
SMC04806,Average,2013
SMC04806,Average,2006
SMC05902,Wet,1993
SMC05902,Wet,2005
SMC05902,Average,1999
SMC05902,Average,2003
SMC05902,Dry,2007
SMC05902,Dry,2012
SMC06302,Average,2010
SMC06302,Average,2009
SMC06302,Wet,1998
SMC06302,Wet,2001
SMC06302,Dry,2013
SMC06302,Dry,2007
SMC06740,Dry,2007
SMC06740,Dry,1996
SMC06740,Wet,2001
SMC06740,Wet,1998
SMC06740,Average,2000
SMC06740,Average,2006
SMC10189,Wet,1995
SMC10189,Wet,1994
SMC10189,Average,1996
SMC10189,Average,1997
SMC10189,Dry,2007
SMC10189,Dry,2000
SMC14099,Wet,2005
SMC14099,Wet,2011
SMC14099,Average,1996
SMC14099,Average,2003
SMC14099,Dry,2002
SMC14099,Dry,2007
SMC18116,Dry,2007
SMC18116,Dry,1996
SMC18116,Average,1997
SMC18116,Average,2000
SMC18116,Wet,2001
SMC18116,Wet,1998
SMC21796,Wet,1993
SMC21796,Wet,1997
SMC21796,Average,2000
SMC21796,Average,1996
SMC21796,Dry,2007
SMC21796,Dry,2013
SMCR8_480,Wet,2009
SMCR8_480,Wet,2001
SMCR8_480,Dry,2002
SMCR8_480,Dry,2013
SMCR8_480,Average,2006
SMCR8_480,Average,2004
SMCR8_601,Average,1996
SMCR8_601,Average,1997
SMCR8_601,Dry,2000
SMCR8_601,Dry,1999
SMC01748,Wet,2010
SMC01748,Wet,2001
SMC01748,Average,1997
SMC01748,Average,2000
SMC01748,Dry,2007
SMC01748,Dry,1999
901S39498,Average,1996
901S39498,Average,2006
901S39498,Wet,1997
901S39498,Wet,2003
901S39498,Dry,2002
901S39498,Dry,1999
404S33670,Wet,1992
404S33670,Wet,1998
404S33670,Dry,2002
404S33670,Dry,2007
404S33670,Average,2008
404S33670,Average,1997
801CJW041,Average,2001
801CJW041,Average,2004
801CJW041,Dry,2002
801CJW041,Dry,2007
801CJW041,Wet,2011
801CJW041,Wet,2008
801CTCNHL,Dry,1996
801CTCNHL,Dry,1992
801CTCNHL,Wet,1995
801CTCNHL,Wet,1993
801S01783,Average,1994
801S01783,Average,2010
801S01783,Wet,1995
801S01783,Wet,2003
801S01783,Dry,1997
801S01783,Dry,2002
801S06679,Wet,1992
801S06679,Wet,1995
801S06679,Dry,1994
801S06679,Dry,2001
801S06679,Average,1999
801S06679,Average,2008
801WCCAHS,Average,1994
801WCCAHS,Average,2006
801WCCAHS,Wet,2005
801WCCAHS,Wet,1993
801WCCAHS,Dry,1999
801WCCAHS,Dry,1997
801XXX112,Wet,1998
801XXX112,Wet,2003
801XXX112,Dry,2001
801XXX112,Dry,2002
801XXX112,Average,1996
801XXX112,Average,1999
SMC09698,Wet,1998
SMC09698,Wet,1997
SMC09698,Average,1992
SMC09698,Average,2009
SMC09698,Dry,1999
SMC09698,Dry,2008
SMC13402,Dry,2013
SMC13402,Dry,2002
SMC13402,Wet,2005
SMC13402,Wet,2011
SMC13402,Average,2012
SMC13402,Average,2009
SMC18656,Average,2008
SMC18656,Average,1991
SMC18656,Wet,2003
SMC18656,Wet,1993
SMC18656,Dry,2002
SMC18656,Dry,1996
SMCR8_027,Wet,2001
SMCR8_027,Wet,2005
SMCR8_027,Dry,2007
SMCR8_027,Dry,2012
SMCR8_027,Average,2008
SMCR8_027,Average,2004
SMCR8_079,Dry,2004
SMCR8_079,Dry,2009
SMCR8_079,Wet,2003
SMCR8_079,Wet,1997
SMCR8_079,Average,1994
SMCR8_079,Average,2012
SMCR8_100,Wet,1993
SMCR8_100,Wet,2005
SMCR8_100,Average,2008
SMCR8_100,Average,1996
SMCR8_100,Dry,2001
SMCR8_100,Dry,1997
SMCR8_121,Wet,1995
SMCR8_121,Wet,1993
SMCR8_167,Dry,1996
SMCR8_167,Dry,1991
SMCR8_167,Wet,1992
SMCR8_167,Wet,1993
SMCR8_206,Wet,1991
SMCR8_206,Wet,1995
SMCR8_206,Average,1992
SMCR8_206,Average,1994
SMCR8_206,Dry,2001
SMCR8_206,Dry,2009
SMCR8_226,Average,1994
SMCR8_226,Average,2010
SMCR8_226,Wet,1993
SMCR8_226,Wet,2001
SMCR8_226,Dry,2007
SMCR8_226,Dry,1999
SMCR8_277,Dry,1999
SMCR8_277,Dry,2002
SMCR8_277,Wet,1995
SMCR8_277,Wet,2003
SMCR8_277,Average,2001
SMCR8_277,Average,1994
SMCR8_309,Wet,1991
SMCR8_309,Wet,1995
SMCR8_309,Average,1996
SMCR8_309,Average,2001
SMCR8_309,Dry,2000
SMCR8_309,Dry,1997
SMCR8_327,Average,2001
SMCR8_327,Average,2000
SMCR8_327,Wet,2010
SMCR8_327,Wet,2011
SMCR8_327,Dry,2007
SMCR8_327,Dry,2002
SMCR8_396,Average,2001
SMCR8_396,Average,1991
SMCR8_396,Wet,1993
SMCR8_396,Wet,2003
SMCR8_396,Dry,2000
SMCR8_396,Dry,1999
SMCR8_445,Wet,1991
SMCR8_445,Wet,1998
SMCR8_445,Average,2011
SMCR8_445,Average,1994
SMCR8_445,Dry,2009
SMCR8_445,Dry,2010
SMCR8_478,Wet,1991
SMCR8_478,Wet,1992
SMCR8_478,Average,2011
SMCR8_478,Average,2006
SMCR8_478,Dry,2009
SMCR8_478,Dry,1999
SMCR8_535,Wet,1995
SMCR8_535,Wet,2005
SMCR8_535,Average,2006
SMCR8_535,Average,1996
SMCR8_535,Dry,2000
SMCR8_535,Dry,2002
315MIU,Wet,1998
315MIU,Wet,2011
315MIU,Average,1997
315MIU,Average,2008
315MIU,Dry,2007
315MIU,Dry,2002
405PS0030,Wet,1996
405PS0030,Wet,1998
405PS0030,Dry,1999
405PS0030,Dry,2004
405PS0030,Average,2010
405PS0030,Average,2000
722PS0611,Wet,1995
722PS0611,Wet,1998
722PS0611,Average,2012
722PS0611,Average,2006
722PS0611,Dry,2009
722PS0611,Dry,2000
SGUT503,Wet,1996
SGUT503,Wet,1998
SGUT503,Dry,1999
SGUT503,Dry,2004
SGUT503,Average,2000
SGUT503,Average,2003
SGUT505,Wet,1998
SGUT505,Wet,1995
SGUT505,Average,1996
SGUT505,Average,2004
SGUT505,Dry,2007
SGUT505,Dry,1997
SMC01196,Wet,1995
SMC01196,Wet,2003
SMC01196,Average,1996
SMC01196,Average,2001
SMC01196,Dry,2007
SMC01196,Dry,2008
SMCR8_322,Wet,1992
SMCR8_322,Wet,1998
SMCR8_322,Average,1994
SMCR8_322,Average,1996
SMCR8_322,Dry,2004
SMCR8_322,Dry,2007
SMCR8_419,Wet,1997
SMCR8_419,Wet,1998
SMCR8_419,Average,2009
SMCR8_419,Average,1994
SMCR8_419,Dry,2004
SMCR8_419,Dry,2000
SMCR8_605,Wet,2003
SMCR8_605,Wet,1998
SMCR8_605,Average,1996
SMCR8_605,Average,2006
SMCR8_605,Dry,1999
SMCR8_605,Dry,2001
SMCR8_688,Wet,1995
SMCR8_688,Wet,1998
SMCR8_688,Average,2006
SMCR8_688,Average,2009
SMCR8_688,Dry,2008
SMCR8_688,Dry,2002
SMC02167,Wet,1995
SMC02167,Wet,1993
SMC02167,Dry,1996
SMC02167,Dry,1994
SMC09591,Wet,1993
SMC09591,Wet,1995
SMC09591,Dry,1994
SMC09591,Dry,1996
SMCR8_124,Wet,1995
SMCR8_124,Wet,1993
SMCR8_124,Dry,1996
SMCR8_124,Dry,1994
SMCR8_184,Wet,1993
SMCR8_184,Wet,1998
SMCR8_184,Average,2000
SMCR8_184,Average,2011
SMCR8_184,Dry,1999
SMCR8_184,Dry,2010
SMCR8_436,Wet,1998
SMCR8_436,Wet,1995
SMCR8_436,Average,1996
SMCR8_436,Average,2006
SMCR8_436,Dry,2002
SMCR8_436,Dry,2009
801PLC469,Wet,1993
801PLC469,Wet,1995
801PLC469,Dry,1996
801PLC469,Dry,1994
801PNCEHL,Wet,1993
801PNCEHL,Wet,1995
801PNCEHL,Dry,1996
801PNCEHL,Dry,1994
801S04471,Wet,1995
801S04471,Wet,1993
801S04471,Dry,1996
801S04471,Dry,1994
801WE0806,Wet,1991
801WE0806,Wet,1993
801WE0806,Dry,1994
801WE0806,Dry,1996
801WE0895,Wet,1991
801WE0895,Wet,2005
801WE0895,Average,1996
801WE0895,Average,1994
801WE0895,Dry,2001
801WE0895,Dry,2004
314SYL,Average,1996
314SYL,Average,1991
314SYL,Wet,1995
314SYL,Wet,1999
314SYL,Dry,2002
314SYL,Dry,1994
902WE0888,Wet,1995
902WE0888,Wet,1992
902WE0888,Average,2004
902WE0888,Average,2001
902WE0888,Dry,2007
902WE0888,Dry,1996
SMC03401,Average,2001
SMC03401,Average,2004
SMC03401,Wet,2005
SMC03401,Wet,2003
SMC03401,Dry,2006
SMC03401,Dry,1999
SMC11593,Wet,1993
SMC11593,Wet,2003
SMC11593,Average,1994
SMC11593,Average,2001
SMC11593,Dry,2007
SMC11593,Dry,2004
801WE1043,Dry,2008
801WE1043,Dry,2002
801WE1043,Wet,1995
801WE1043,Wet,1992
801WE1043,Average,1997
801WE1043,Average,2001
SMCR8_114,Dry,1996
SMCR8_114,Dry,1991
SMCR8_114,Wet,1995
SMCR8_114,Wet,1993
403S00640,Wet,1993
403S00640,Wet,2010
403S00640,Dry,1997
403S00640,Dry,2002
403S00640,Average,2003
403S00640,Average,2001
412WE0896,Dry,2002
412WE0896,Dry,1999
412WE0896,Average,2006
412WE0896,Average,2000
412WE0896,Wet,2010
412WE0896,Wet,2011
801CE0152,Dry,2007
801CE0152,Dry,2004
801CE0152,Wet,2010
801CE0152,Wet,2005
801CE0152,Average,2008
801CE0152,Average,2009
801CYC114,Dry,1992
801CYC114,Dry,1996
801CYC114,Wet,1995
801CYC114,Wet,1993
801CYC398,Dry,1996
801CYC398,Dry,1992
801CYC398,Wet,1993
801CYC398,Wet,1995
801WE0550,Wet,1997
801WE0550,Wet,1992
801WE0550,Average,1994
801WE0550,Average,1996
801WE0550,Dry,2002
801WE0550,Dry,2010
801WE1013,Wet,1995
801WE1013,Wet,1993
801WE1013,Average,2001
801WE1013,Average,1994
801WE1013,Dry,2002
801WE1013,Dry,2000
801WE1127,Average,1991
801WE1127,Average,2010
801WE1127,Wet,2003
801WE1127,Wet,2005
801WE1127,Dry,2002
801WE1127,Dry,1994
802WE0539,Wet,1997
802WE0539,Wet,1995
802WE0539,Average,2009
802WE0539,Average,1992
802WE0539,Dry,2000
802WE0539,Dry,2002
802WE0658,Wet,1997
802WE0658,Wet,1993
802WE0658,Average,2006
802WE0658,Average,1992
802WE0658,Dry,1994
802WE0658,Dry,2004
911S00538,Dry,2007
911S00538,Dry,2009
911S00538,Wet,2011
911S00538,Wet,2008
911S00538,Average,2012
911S00538,Average,2004
911S01142,Dry,2007
911S01142,Dry,2002
911S01142,Wet,2003
911S01142,Wet,2008
911S01142,Average,2012
911S01142,Average,2004
911S02058,Dry,2007
911S02058,Dry,2002
911S02058,Wet,2005
911S02058,Wet,2003
911S02058,Average,2010
911S02058,Average,2004
911S04086,Wet,1993
911S04086,Wet,1991
911S04086,Average,2003
911S04086,Average,1992
911S04086,Dry,2000
911S04086,Dry,1996
911S12262,Dry,2002
911S12262,Dry,2007
911S12262,Wet,2004
911S12262,Wet,2003
SMC00520,Wet,2010
SMC00520,Wet,1998
SMC00520,Dry,2007
SMC00520,Dry,1999
SMC00520,Average,2000
SMC00520,Average,2001
SMC01040,Wet,2005
SMC01040,Wet,1998
SMC01040,Average,2001
SMC01040,Average,1996
SMC01040,Dry,2004
SMC01040,Dry,2002
SMC01096,Wet,2003
SMC01096,Wet,1998
SMC01096,Dry,2007
SMC01096,Dry,2004
SMC01096,Average,2006
SMC01096,Average,2000
SMC01320,Dry,2007
SMC01320,Dry,1996
SMC01320,Average,2004
SMC01320,Average,2000
SMC01320,Wet,2003
SMC01320,Wet,2001
SMC01544,Dry,1999
SMC01544,Dry,2012
SMC01544,Average,2004
SMC01544,Average,1997
SMC01544,Wet,1998
SMC01544,Wet,2010
SMC03216,Wet,1998
SMC03216,Wet,1995
SMC03216,Dry,2004
SMC03216,Dry,1999
SMC03216,Average,2003
SMC03216,Average,2000
SMC03280,Wet,1995
SMC03280,Wet,2010
SMC03280,Dry,2004
SMC03280,Dry,1999
SMC03280,Average,2000
SMC03280,Average,2005
SMC05402,Dry,2004
SMC05402,Dry,2002
SMC05402,Wet,2010
SMC05402,Wet,2005
SMC05402,Average,2012
SMC05402,Average,2006
SMC06216,Average,1991
SMC06216,Average,2001
SMC06216,Wet,2011
SMC06216,Wet,1992
SMC06216,Dry,2009
SMC06216,Dry,2004
SMCR8_007,Wet,1993
SMCR8_007,Wet,1997
SMCR8_007,Dry,2003
SMCR8_007,Dry,2001
SMCR8_007,Average,1996
SMCR8_007,Average,1995
SMCR8_070,Wet,1993
SMCR8_070,Wet,1997
SMCR8_070,Average,2006
SMCR8_070,Average,1996
SMCR8_070,Dry,2004
SMCR8_070,Dry,1999
SMCR8_107,Wet,1997
SMCR8_107,Wet,1995
SMCR8_107,Dry,2007
SMCR8_107,Dry,2002
SMCR8_107,Average,2001
SMCR8_107,Average,2008
SMCR8_160,Wet,1997
SMCR8_160,Wet,1993
SMCR8_160,Dry,1994
SMCR8_160,Dry,2002
SMCR8_160,Average,2008
SMCR8_160,Average,2009
SMCR8_218,Wet,2005
SMCR8_218,Wet,1997
SMCR8_218,Average,1992
SMCR8_218,Average,2009
SMCR8_218,Dry,2004
SMCR8_218,Dry,1994
SMCR8_267,Wet,1993
SMCR8_267,Wet,1998
SMCR8_267,Average,2003
SMCR8_267,Average,2009
SMCR8_267,Dry,1996
SMCR8_267,Dry,2002
SMCR8_274,Dry,2002
SMCR8_274,Dry,1991
SMCR8_274,Wet,2005
SMCR8_274,Wet,1992
SMCR8_274,Average,1996
SMCR8_274,Average,2009
SMCR8_370,Wet,1991
SMCR8_370,Wet,1995
SMCR8_370,Average,2003
SMCR8_370,Average,1994
SMCR8_370,Dry,2006
SMCR8_370,Dry,2011
SMCR8_398,Dry,1992
SMCR8_398,Dry,1996
SMCR8_398,Wet,1993
SMCR8_398,Wet,1995
SMCR8_405,Wet,1993
SMCR8_405,Wet,1995
SMCR8_405,Average,1992
SMCR8_405,Average,2006
SMCR8_405,Dry,2001
SMCR8_405,Dry,2008
SMCR8_407,Wet,2011
SMCR8_407,Wet,2010
SMCR8_407,Dry,2007
SMCR8_407,Dry,2008
SMCR8_446,Dry,2004
SMCR8_446,Dry,2007
SMCR8_446,Wet,2006
SMCR8_446,Wet,2005
SMCR8_446,Average,2009
SMCR8_446,Average,2008
SMCR8_448,Wet,1993
SMCR8_448,Wet,1995
SMCR8_448,Average,2011
SMCR8_448,Average,1996
SMCR8_448,Dry,2002
SMCR8_448,Dry,2004
404BA1166,Wet,1993
404BA1166,Wet,1995
404BA1166,Dry,1997
404BA1166,Dry,1996
901S06030,Dry,2007
901S06030,Dry,2002
901S06030,Wet,2006
901S06030,Wet,2005
901S11685,Dry,2007
901S11685,Dry,2002
901S11685,Wet,2005
901S11685,Wet,2003
901S45253,Dry,2002
901S45253,Dry,2007
901S45253,Wet,2005
901S45253,Wet,2006
SMC21069,Wet,2005
SMC21069,Wet,2003
404S05992,Dry,2000
404S05992,Dry,1996
404S05992,Average,2008
404S05992,Average,1997
404S05992,Wet,2010
404S05992,Wet,2001
404S13160,Dry,1996
404S13160,Dry,2000
404S13160,Average,1997
404S13160,Average,2008
404S13160,Wet,1998
404S13160,Wet,2010
404S18666,Dry,2000
404S18666,Dry,2002
404S18666,Average,2008
404S18666,Average,1997
404S18666,Wet,1998
404S18666,Wet,2001
404S26670,Dry,1996
404S26670,Dry,2000
404S26670,Average,2008
404S26670,Average,1997
404S26670,Wet,2010
404S26670,Wet,1998
404S31468,Dry,2000
404S31468,Dry,1996
404S31468,Average,1997
404S31468,Average,2008
404S31468,Wet,2010
404S31468,Wet,2011
412CE0232,Average,2008
412CE0232,Average,2000
412CE0232,Wet,1993
412CE0232,Wet,1992
412CE0232,Dry,2002
412CE0232,Dry,2007
412LAR031,Average,1991
412LAR031,Average,2006
412LAR031,Wet,2008
412LAR031,Wet,1995
412LAR031,Dry,2007
412LAR031,Dry,1997
801RB8262,Wet,1995
801RB8262,Wet,1992
801RB8262,Dry,2013
801RB8262,Dry,2000
801RB8262,Average,2004
801RB8262,Average,2001
801RB8566,Average,1996
801RB8566,Average,2000
801RB8566,Wet,1998
801RB8566,Wet,2010
801RB8566,Dry,1999
801RB8566,Dry,2004
801S00766,Wet,2005
801S00766,Wet,1995
801S00766,Average,2006
801S00766,Average,2003
801S00766,Dry,1999
801S00766,Dry,2007
801S07485,Wet,1995
801S07485,Wet,2011
801S07485,Average,2006
801S07485,Average,2009
801S07485,Dry,2012
801S07485,Dry,2000
901S12942,Wet,1995
901S12942,Wet,2003
901S12942,Dry,2002
901S12942,Dry,1996
901S12942,Average,1999
901S12942,Average,2006
901SJSJC9,Wet,2003
901SJSJC9,Wet,1997
901SJSJC9,Dry,1996
901SJSJC9,Dry,2007
901SJSJC9,Average,2006
901SJSJC9,Average,1999
907SDFRC2,Wet,2005
907SDFRC2,Wet,2003
907SDFRC2,Dry,2007
907SDFRC2,Dry,2013
LALT500,Wet,1995
LALT500,Wet,2011
LALT500,Average,1997
LALT500,Average,2006
LALT500,Dry,1999
LALT500,Dry,2000
SMC00446,Average,2001
SMC00446,Average,2003
SMC00446,Wet,2008
SMC00446,Wet,2005
SMC00446,Dry,2004
SMC00446,Dry,2009
SMC00670,Average,2009
SMC00670,Average,1996
SMC00670,Wet,2011
SMC00670,Wet,2005
SMC00670,Dry,2008
SMC00670,Dry,2004
SMC00686,Dry,2004
SMC00686,Dry,2009
SMC00686,Average,2003
SMC00686,Average,2006
SMC00702,Wet,2001
SMC00702,Wet,2011
SMC00702,Average,2009
SMC00702,Average,1997
SMC00702,Dry,2000
SMC00702,Dry,2008
SMC00756,Wet,1992
SMC00756,Wet,1998
SMC00756,Dry,2007
SMC00756,Dry,1999
SMC00756,Average,2003
SMC00756,Average,2006
SMC00830,Wet,2010
SMC00830,Wet,1995
SMC00830,Average,2006
SMC00830,Average,2008
SMC00830,Dry,1999
SMC00830,Dry,2002
SMC00910,Wet,1995
SMC00910,Wet,1999
SMC00910,Dry,2002
SMC00910,Dry,2007
SMC00926,Average,2010
SMC00926,Average,2006
SMC00926,Wet,1993
SMC00926,Wet,2001
SMC00926,Dry,2007
SMC00926,Dry,2008
SMC01004,Average,2004
SMC01004,Average,2012
SMC01004,Wet,2011
SMC01004,Wet,2003
SMC01004,Dry,1999
SMC01004,Dry,2002
SMC01013,Wet,1992
SMC01013,Wet,1993
SMC01013,Dry,2004
SMC01013,Dry,2002
SMC01013,Average,2003
SMC01013,Average,1997
SMC01278,Wet,2003
SMC01278,Wet,2009
SMC01278,Dry,2013
SMC01278,Dry,2002
SMC01278,Average,2006
SMC01278,Average,2004
SMC01716,Average,2006
SMC01716,Average,2009
SMC01716,Wet,2010
SMC01716,Wet,1993
SMC01716,Dry,1999
SMC01716,Dry,1997
SMC01902,Dry,2009
SMC01902,Dry,2003
SMC01902,Wet,2010
SMC01902,Wet,2005
SMC01902,Average,2006
SMC01902,Average,2008
SMC01923,Average,2006
SMC01923,Average,1996
SMC01923,Wet,2003
SMC01923,Wet,2005
SMC01923,Dry,2008
SMC01923,Dry,1999
SMC01972,Average,1997
SMC01972,Average,2001
SMC01972,Wet,2006
SMC01972,Wet,2011
SMC01972,Dry,1999
SMC01972,Dry,2004
SMC02644,Dry,2000
SMC02644,Dry,2007
SMC02644,Wet,2011
SMC02644,Wet,2001
SMC02656,Dry,2004
SMC02656,Dry,2012
SMC02656,Average,2003
SMC02656,Average,2006
SMC02656,Wet,2011
SMC02656,Wet,2005
SMC02804,Average,2000
SMC02804,Average,2006
SMC02804,Wet,1993
SMC02804,Wet,1995
SMC02804,Dry,1996
SMC02804,Dry,2004
SMC02947,Wet,1998
SMC02947,Wet,1995
SMC02947,Average,2006
SMC02947,Average,2003
SMC02947,Dry,2002
SMC02947,Dry,1999
SMC03133,Average,1996
SMC03133,Average,1997
SMC03133,Wet,2005
SMC03133,Wet,2010
SMC03133,Dry,1999
SMC03133,Dry,2007
SMC03971,Wet,2005
SMC03971,Wet,1998
SMC03971,Average,1996
SMC03971,Average,2003
SMC03971,Dry,2004
SMC03971,Dry,2002
SMC04532,Wet,2010
SMC04532,Wet,2003
SMC04532,Dry,2004
SMC04532,Dry,2007
SMC04532,Average,2006
SMC04532,Average,1999
SMC04932,Dry,2004
SMC04932,Dry,2002
SMC04932,Average,2008
SMC04932,Average,2012
SMC04932,Wet,2010
SMC04932,Wet,2011
SMC05332,Average,2000
SMC05332,Average,2012
SMC05332,Wet,2010
SMC05332,Wet,2001
SMC05332,Dry,2004
SMC05332,Dry,2009
SMC05379,Wet,1995
SMC05379,Wet,2011
SMC05379,Average,2001
SMC05379,Average,2000
SMC05379,Dry,2007
SMC05379,Dry,1999
SMC06019,Wet,2005
SMC06019,Wet,2011
SMC06019,Average,1996
SMC06019,Average,2006
SMC06019,Dry,2004
SMC06019,Dry,2000
SMC06036,Average,2012
SMC06036,Average,2000
SMC06036,Wet,2003
SMC06036,Wet,2006
SMC06036,Dry,2007
SMC06036,Dry,2004
SMC06612,Wet,2010
SMC06612,Wet,1998
SMC06612,Average,1996
SMC06612,Average,1997
SMC06612,Dry,2002
SMC06612,Dry,2000
SMC07085,Wet,2011
SMC07085,Wet,2005
SMC07085,Average,2001
SMC07085,Average,2006
SMC07085,Dry,2009
SMC07085,Dry,2000
SMC07828,Dry,1996
SMC07828,Dry,2002
SMC07828,Average,2012
SMC07828,Average,1997
SMC07828,Wet,2010
SMC07828,Wet,2011
SMC08660,Wet,2011
SMC08660,Wet,1993
SMC08660,Average,2001
SMC08660,Average,1996
SMC08660,Dry,2006
SMC08660,Dry,2007
SMC09091,Wet,1998
SMC09091,Wet,1995
SMC09091,Average,1997
SMC09091,Average,2006
SMC09091,Dry,2002
SMC09091,Dry,2004
SMC09174,Wet,2004
SMC09174,Wet,2003
SMC09174,Dry,2007
SMC09174,Dry,2013
SMC10198,Wet,2005
SMC10198,Wet,2008
SMC10198,Dry,2006
SMC10198,Dry,2007
SMC11181,Wet,1998
SMC11181,Wet,1995
SMC11181,Average,2001
SMC11181,Average,1997
SMC11181,Dry,2006
SMC11181,Dry,2007
SMC11581,Wet,1998
SMC11581,Wet,1995
SMC11581,Dry,2007
SMC11581,Dry,1996
SMC11581,Average,2006
SMC11581,Average,2009
SMC13187,Wet,1995
SMC13187,Wet,1998
SMC13187,Average,2001
SMC13187,Average,2006
SMC13187,Dry,2008
SMC13187,Dry,2000
SMC14211,Wet,2011
SMC14211,Wet,1998
SMC14211,Average,2001
SMC14211,Average,1997
SMC14211,Dry,2004
SMC14211,Dry,2002
SMC15677,Wet,1995
SMC15677,Wet,1998
SMC15677,Average,2006
SMC15677,Average,2010
SMC15677,Dry,2000
SMC15677,Dry,2009
SMC16045,Wet,2005
SMC16045,Wet,1998
SMC16045,Average,2010
SMC16045,Average,2001
SMC16045,Dry,2007
SMC16045,Dry,2004
SMC18169,Wet,1992
SMC18169,Wet,2011
SMC18169,Dry,2008
SMC18169,Dry,1996
SMC18169,Average,2004
SMC18169,Average,2009
SMC19466,Average,1996
SMC19466,Average,2006
SMC19466,Wet,2010
SMC19466,Wet,1998
SMC19466,Dry,2002
SMC19466,Dry,2000
SMC21371,Wet,1991
SMC21371,Wet,1992
SMC21371,Dry,2008
SMC21371,Dry,2012
SMC21371,Average,2009
SMC21371,Average,2006
SMC21921,Wet,2005
SMC21921,Wet,1995
SMC21921,Average,1997
SMC21921,Average,2010
SMC21921,Dry,2004
SMC21921,Dry,2000
SMC22521,Wet,2005
SMC22521,Wet,2011
SMC22521,Dry,2000
SMC22521,Dry,2004
SMC22521,Average,2010
SMC22521,Average,2009
SMC24921,Wet,2011
SMC24921,Wet,2005
SMC24921,Dry,2007
SMC24921,Dry,2013
SMC24921,Average,2001
SMC24921,Average,2010
SMCR8_171,Wet,2011
SMCR8_171,Wet,1995
SMCR8_171,Average,1996
SMCR8_171,Average,2000
SMCR8_171,Dry,2007
SMCR8_171,Dry,1999
SMCR8_178,Wet,1998
SMCR8_178,Wet,2005
SMCR8_178,Average,2001
SMCR8_178,Average,1996
SMCR8_178,Dry,2002
SMCR8_178,Dry,2000
SMCR8_180,Average,2006
SMCR8_180,Average,2008
SMCR8_180,Wet,2003
SMCR8_180,Wet,1998
SMCR8_180,Dry,2000
SMCR8_180,Dry,1999
SMCR8_305,Wet,1998
SMCR8_305,Wet,2011
SMCR8_305,Average,1997
SMCR8_305,Average,2003
SMCR8_305,Dry,1999
SMCR8_305,Dry,2002
SMCR8_395,Average,2001
SMCR8_395,Average,2006
SMCR8_395,Wet,1997
SMCR8_395,Wet,2005
SMCR8_395,Dry,2009
SMCR8_395,Dry,1999
SMCR8_504,Average,2004
SMCR8_504,Average,2001
SMCR8_504,Wet,2003
SMCR8_504,Wet,2005
SMCR8_504,Dry,2002
SMCR8_504,Dry,1999
408BA0660,Average,2008
408BA0660,Average,2012
408BA0660,Wet,2001
408BA0660,Wet,2003
408BA0660,Dry,2004
408BA0660,Dry,2002
408BA0836,Dry,2007
408BA0836,Dry,2002
408BA0836,Average,2008
408BA0836,Average,2012
408BA0836,Wet,2001
408BA0836,Wet,2011
408BA0916,Dry,2013
408BA0916,Dry,2002
408BA0916,Wet,2006
408BA0916,Wet,2008
408BA0916,Average,2009
408BA0916,Average,2012
408PS0032,Average,2000
408PS0032,Average,2001
408PS0032,Dry,2012
408PS0032,Dry,2004
408PS0032,Wet,2010
408PS0032,Wet,2005
801MIC042,Wet,1998
801MIC042,Wet,1997
801MIC042,Average,2006
801MIC042,Average,2001
801MIC042,Dry,2007
801MIC042,Dry,2013
ME-CC,Dry,2002
ME-CC,Dry,2004
ME-CC,Average,2001
ME-CC,Average,2008
ME-CC,Wet,2006
ME-CC,Wet,2005
SMC00899,Wet,2005
SMC00899,Wet,1997
SMC00899,Average,1996
SMC00899,Average,2001
SMC00899,Dry,2006
SMC00899,Dry,1999
SMC01684,Wet,2010
SMC01684,Wet,2011
SMC01860,Dry,2002
SMC01860,Dry,2013
SMC01860,Wet,2010
SMC01860,Wet,2008
SMC01860,Average,2009
SMC01860,Average,2012
SMC02436,Wet,2005
SMC02436,Wet,2011
SMC02436,Dry,2002
SMC02436,Dry,2000
SMC02436,Average,2009
SMC02436,Average,2012
SMC02452,Dry,2007
SMC02452,Dry,2002
SMC02452,Average,2000
SMC02452,Average,2012
SMC02452,Wet,2001
SMC02452,Wet,2010
SMC02884,Dry,2004
SMC02884,Dry,2002
SMC02884,Wet,2008
SMC02884,Wet,2005
SMC02884,Average,2012
SMC02884,Average,2009
SMC03268,Dry,2007
SMC03268,Dry,2002
SMC03268,Wet,2005
SMC03268,Wet,2006
SMC03268,Average,2008
SMC03268,Average,2010
SMC04756,Average,2008
SMC04756,Average,2000
SMC04756,Dry,2002
SMC04756,Dry,2007
SMC04756,Wet,2011
SMC04756,Wet,2006
SMC05230,Wet,1997
SMC05230,Wet,2011
SMC05230,Average,2010
SMC05230,Average,2009
SMC05230,Dry,2000
SMC05230,Dry,2012
SMC05524,Wet,2011
SMC05524,Wet,2010
SMC05956,Dry,2013
SMC05956,Dry,2007
SMC05956,Wet,2010
SMC05956,Wet,2008
SMC05956,Average,2012
SMC05956,Average,2009
SMC32897,Wet,1995
SMC32897,Wet,2003
SMC32897,Average,1996
SMC32897,Average,1997
SMC32897,Dry,2006
SMC32897,Dry,2007
SMC40887,Wet,1997
SMC40887,Wet,1995
SMC40887,Average,1992
SMC40887,Average,1999
SMC40887,Dry,2000
SMC40887,Dry,2002
SMCR8_042,Wet,1997
SMCR8_042,Wet,1995
SMCR8_042,Average,2010
SMCR8_042,Average,2006
SMCR8_042,Dry,2013
SMCR8_042,Dry,2012
SMCR8_048,Wet,1995
SMCR8_048,Wet,2011
SMCR8_048,Average,2003
SMCR8_048,Average,1996
SMCR8_048,Dry,1999
SMCR8_048,Dry,2007
SMCR8_051,Wet,1995
SMCR8_051,Wet,1993
SMCR8_208,Wet,1995
SMCR8_208,Wet,1993
SMCR8_243,Average,1996
SMCR8_243,Average,1997
SMCR8_243,Dry,2004
SMCR8_243,Dry,2006
SMCR8_293,Wet,1995
SMCR8_293,Wet,1997
SMCR8_293,Average,1999
SMCR8_293,Average,1993
SMCR8_293,Dry,2001
SMCR8_293,Dry,2002
SMCR8_387,Wet,1995
SMCR8_387,Wet,1993
SMCR8_400,Wet,1998
SMCR8_400,Wet,1995
SMCR8_400,Dry,1996
SMCR8_400,Dry,2004
SMCR8_400,Average,1999
SMCR8_400,Average,2000
SMCR8_613,Dry,1992
SMCR8_613,Dry,1996
SMCR8_613,Wet,1993
SMCR8_613,Wet,1995
481S05856,Wet,1995
481S05856,Wet,1998
481S05856,Average,2000
481S05856,Average,1996
481S05856,Dry,2002
481S05856,Dry,2007
801LYC271,Wet,2011
801LYC271,Wet,2010
801LYC271,Average,2008
801LYC271,Average,2006
801LYC271,Dry,2007
801LYC271,Dry,2009
801RB8533,Wet,1995
801RB8533,Wet,1993
801RB8533,Dry,1994
801RB8533,Dry,1996
SMCR8_032,Wet,1995
SMCR8_032,Wet,1993
SMCR8_032,Dry,1996
SMCR8_032,Dry,1994
SMCR8_087,Wet,2006
SMCR8_087,Wet,2010
SMCR8_087,Dry,2007
SMCR8_087,Dry,2008
SMCR8_093,Wet,2011
SMCR8_093,Wet,2006
SMCR8_105,Dry,2007
SMCR8_105,Dry,2013
SMCR8_105,Wet,2010
SMCR8_105,Wet,2003
SMCR8_105,Average,2006
SMCR8_105,Average,2004
SMCR8_118,Average,2006
SMCR8_118,Average,2001
SMCR8_118,Dry,2002
SMCR8_118,Dry,2004
SMCR8_118,Wet,2008
SMCR8_118,Wet,2005
SMCR8_259,Wet,1995
SMCR8_259,Wet,1993
SMCR8_259,Dry,1994
SMCR8_259,Dry,1996
SMCR8_346,Wet,2008
SMCR8_346,Wet,2011
SMCR8_346,Dry,2007
SMCR8_346,Dry,2012
SMCR8_346,Average,2009
SMCR8_346,Average,2013
SMCR8_362,Wet,2008
SMCR8_362,Wet,2011
SMCR8_362,Dry,2007
SMCR8_362,Dry,2012
SMCR8_362,Average,2009
SMCR8_362,Average,2013
SMCR8_380,Wet,2006
SMCR8_380,Wet,2011
SMCR8_513,Wet,2003
SMCR8_513,Wet,2005
SMCR8_513,Average,2008
SMCR8_513,Average,1994
SMCR8_513,Dry,1999
SMCR8_513,Dry,2004
312PS0099,Average,1992
312PS0099,Average,2000
312PS0099,Wet,2010
312PS0099,Wet,2011
312PS0099,Dry,2008
312PS0099,Dry,2004
312WE1028,Wet,2006
312WE1028,Wet,2005
312WE1028,Dry,2007
312WE1028,Dry,1999
312WE1028,Average,2010
312WE1028,Average,1997
312WE1035,Wet,1993
312WE1035,Wet,2001
312WE1035,Average,2000
312WE1035,Average,2010
312WE1035,Dry,2004
312WE1035,Dry,2013
314SCCNSY,Average,1991
314SCCNSY,Average,1997
314SCCNSY,Wet,1998
314SCCNSY,Wet,1995
314SCCNSY,Dry,1994
314SCCNSY,Dry,1999
314WE0677,Average,2000
314WE0677,Average,1991
314WE0677,Wet,1998
314WE0677,Wet,2005
314WE0677,Dry,1999
314WE0677,Dry,2008
314WE0779,Average,2004
314WE0779,Average,1996
314WE0779,Wet,1993
314WE0779,Wet,1992
314WE0779,Dry,1999
314WE0779,Dry,2007
402BA0287,Average,1997
402BA0287,Average,1994
402BA0287,Wet,1995
402BA0287,Wet,1992
402BA0287,Dry,2004
402BA0287,Dry,2007
402MJCMHS,Average,1994
402MJCMHS,Average,2003
402MJCMHS,Wet,1992
402MJCMHS,Wet,2005
402MJCMHS,Dry,2007
402MJCMHS,Dry,2004
402S05407,Average,2000
402S05407,Average,2003
402S05407,Wet,1995
402S05407,Wet,2001
402S05407,Dry,2002
402S05407,Dry,1999
402WE0536,Average,1997
402WE0536,Average,1991
402WE0536,Wet,1993
402WE0536,Wet,1992
402WE0536,Dry,1999
402WE0536,Dry,2009
402WE0803,Average,1996
402WE0803,Average,2000
402WE0803,Wet,2006
402WE0803,Wet,1995
402WE0803,Dry,2002
402WE0803,Dry,2012
403BA0015,Average,1997
403BA0015,Average,2003
403BA0015,Wet,1993
403BA0015,Wet,2001
403BA0015,Dry,2012
403BA0015,Dry,1994
403BA0027,Wet,2003
403BA0027,Wet,2006
403BA0027,Dry,1996
403BA0027,Dry,1999
403BA0027,Average,1997
403BA0027,Average,2010
403BA0171,Wet,1992
403BA0171,Wet,2011
403BA0171,Average,2010
403BA0171,Average,2008
403BA0171,Dry,2013
403BA0171,Dry,1999
403S00831,Dry,2007
403S00831,Dry,2013
403S00831,Wet,2005
403S00831,Wet,2003
403S00831,Average,2012
403S00831,Average,2008
403S00875,Average,2010
403S00875,Average,2003
403S00875,Wet,2006
403S00875,Wet,1998
403S00875,Dry,1999
403S00875,Dry,2012
403WE0501,Average,2009
403WE0501,Average,2003
403WE0501,Wet,2006
403WE0501,Wet,2001
403WE0501,Dry,2004
403WE0501,Dry,1999
403WE0540,Wet,2010
403WE0540,Wet,2001
403WE0540,Average,1997
403WE0540,Average,2009
403WE0540,Dry,2007
403WE0540,Dry,2012
403WE0683,Average,1996
403WE0683,Average,2000
403WE0683,Wet,2006
403WE0683,Wet,2005
403WE0683,Dry,2007
403WE0683,Dry,2012
403WE0795,Wet,1995
403WE0795,Wet,2001
403WE0795,Average,1997
403WE0795,Average,2009
403WE0795,Dry,1999
403WE0795,Dry,2013
403WE0891,Wet,1998
403WE0891,Wet,2010
403WE0891,Average,2008
403WE0891,Average,1996
403WE0891,Dry,1999
403WE0891,Dry,2013
722ABSPPC,Wet,1997
722ABSPPC,Wet,1998
722ABSPPC,Average,1996
722ABSPPC,Average,2006
722ABSPPC,Dry,2000
722ABSPPC,Dry,2007
901DCCSMC,Dry,2002
901DCCSMC,Dry,2009
901DCCSMC,Average,2006
901DCCSMC,Average,2004
901DCCSMC,Wet,2011
901DCCSMC,Wet,2005
901S01705,Average,1996
901S01705,Average,2003
901S01705,Wet,2001
901S01705,Wet,1997
901S01705,Dry,2004
901S01705,Dry,2002
SMC00271,Average,1994
SMC00271,Average,1991
SMC00271,Wet,1998
SMC00271,Wet,1995
SMC00271,Dry,1999
SMC00271,Dry,2004
SMC01567,Average,1994
SMC01567,Average,2003
SMC01567,Wet,1992
SMC01567,Wet,1998
SMC01567,Dry,2009
SMC01567,Dry,2002
SMC02075,Wet,2003
SMC02075,Wet,1998
SMC02075,Dry,1996
SMC02075,Dry,2007
SMC02075,Average,2008
SMC02075,Average,2009
SMC02139,Wet,1995
SMC02139,Wet,2006
SMC02139,Dry,2007
SMC02139,Dry,1999
SMC02139,Average,2009
SMC02139,Average,1997
SMC02591,Average,1991
SMC02591,Average,2003
SMC02591,Wet,2001
SMC02591,Wet,1995
SMC02591,Dry,2007
SMC02591,Dry,2009
SMC04383,Average,2003
SMC04383,Average,1991
SMC04383,Wet,1995
SMC04383,Wet,1993
SMC04383,Dry,2009
SMC04383,Dry,2002
SMC06467,Wet,1992
SMC06467,Wet,1995
SMC06467,Dry,1996
SMC06467,Dry,1994
SMC06467,Average,1997
SMC06467,Average,2001
SMC09503,Average,1991
SMC09503,Average,2000
SMC09503,Wet,2006
SMC09503,Wet,1993
SMC09503,Dry,2009
SMC09503,Dry,1996
SMC13599,Average,2003
SMC13599,Average,2000
SMC13599,Wet,1992
SMC13599,Wet,2006
SMC13599,Dry,2004
SMC13599,Dry,1996
SMC18545,Average,1996
SMC18545,Average,2008
SMC18545,Wet,1998
SMC18545,Wet,2006
SMC18545,Dry,2002
SMC18545,Dry,2004
SMC19809,Average,2003
SMC19809,Average,2000
SMC19809,Wet,2008
SMC19809,Wet,1995
SMC19809,Dry,2002
SMC19809,Dry,2009
SMCR8_046,Wet,1992
SMCR8_046,Wet,1995
SMCR8_046,Dry,1994
SMCR8_046,Dry,2000
SMCR8_046,Average,1997
SMCR8_046,Average,2001
404BA0104,Wet,1998
404BA0104,Wet,1995
404BA0104,Dry,1996
404BA0104,Dry,1997
404BA0142,Wet,1995
404BA0142,Wet,1993
404BA0142,Dry,1996
404BA0142,Dry,1997
404S11406,Dry,1996
404S11406,Dry,1992
404S11406,Wet,1995
404S11406,Wet,1998
404S13672,Dry,1992
404S13672,Dry,1996
404S13672,Wet,1998
404S13672,Wet,1995
404S16168,Dry,1992
404S16168,Dry,1996
404S16168,Wet,1995
404S16168,Wet,1998
404S25298,Dry,1996
404S25298,Dry,1992
404S25298,Wet,1995
404S25298,Wet,1997
412WE0563,Wet,1995
412WE0563,Wet,1991
412WE0563,Dry,1999
412WE0563,Dry,2006
412WE0563,Average,2000
412WE0563,Average,2003
801WE0674,Wet,1993
801WE0674,Wet,1992
801WE0674,Average,1994
801WE0674,Average,2006
801WE0674,Dry,2009
801WE0674,Dry,2010
801WE0787,Wet,1993
801WE0787,Wet,1995
801WE0787,Dry,2001
801WE0787,Dry,1994
801WE0787,Average,1997
801WE0787,Average,2003
801WE1132,Wet,1995
801WE1132,Wet,1998
801WE1132,Dry,2000
801WE1132,Dry,2002
801WE1132,Average,1996
801WE1132,Average,1997
SGUT501,Dry,2004
SGUT501,Dry,1999
SGUT501,Wet,1998
SGUT501,Wet,2003
SGUT501,Average,2010
SGUT501,Average,2000
SMC00080,Wet,1992
SMC00080,Wet,1998
SMC00080,Dry,2006
SMC00080,Dry,2001
SMC00080,Average,2003
SMC00080,Average,1997
SMC00135,Wet,1998
SMC00135,Wet,1991
SMC00135,Dry,2002
SMC00135,Dry,1994
SMC00135,Average,1995
SMC00135,Average,1996
SMC00464,Dry,1999
SMC00464,Dry,1991
SMC00464,Wet,1995
SMC00464,Wet,1993
SMC00464,Average,2000
SMC00464,Average,2003
SMC02712,Wet,2011
SMC02712,Wet,2010
SMC02712,Dry,1999
SMC02712,Dry,2000
SMC02712,Average,1997
SMC02712,Average,2001
SMC04432,Wet,1991
SMC04432,Wet,1998
SMC04432,Dry,2000
SMC04432,Dry,2001
SMC04432,Average,1997
SMC04432,Average,2003
SMC04880,Average,1997
SMC04880,Average,2000
SMC04880,Wet,2003
SMC04880,Wet,1993
SMC04880,Dry,1999
SMC04880,Dry,2001
SMC29064,Wet,1995
SMC29064,Wet,1991
SMC29064,Average,1996
SMC29064,Average,1992
SMC29064,Dry,2004
SMC29064,Dry,1999
SMCR8_025,Wet,1992
SMCR8_025,Wet,1995
SMCR8_025,Average,2011
SMCR8_025,Average,2000
SMCR8_025,Dry,2002
SMCR8_025,Dry,2004
SMCR8_034,Wet,1993
SMCR8_034,Wet,1992
SMCR8_034,Dry,2002
SMCR8_034,Dry,2001
SMCR8_034,Average,1995
SMCR8_034,Average,1996
SMCR8_035,Wet,1993
SMCR8_035,Wet,1997
SMCR8_035,Dry,2001
SMCR8_035,Dry,1994
SMCR8_035,Average,1995
SMCR8_035,Average,1996
SMCR8_074,Wet,1992
SMCR8_074,Wet,1997
SMCR8_074,Dry,1994
SMCR8_074,Dry,2003
SMCR8_074,Average,1996
SMCR8_074,Average,1995
SMCR8_080,Wet,1992
SMCR8_080,Wet,1995
SMCR8_080,Dry,2002
SMCR8_080,Dry,2001
SMCR8_080,Average,2006
SMCR8_080,Average,2003
SMCR8_106,Wet,1998
SMCR8_106,Wet,1992
SMCR8_106,Dry,2001
SMCR8_106,Dry,1994
SMCR8_106,Average,2006
SMCR8_106,Average,1996
SMCR8_147,Wet,1991
SMCR8_147,Wet,2003
SMCR8_147,Average,2001
SMCR8_147,Average,1996
SMCR8_147,Dry,1999
SMCR8_147,Dry,2008
SMCR8_155,Wet,2005
SMCR8_155,Wet,2003
SMCR8_155,Average,1996
SMCR8_155,Average,2006
SMCR8_155,Dry,2009
SMCR8_155,Dry,2002
SMCR8_163,Wet,1991
SMCR8_163,Wet,1993
SMCR8_163,Average,2009
SMCR8_163,Average,2001
SMCR8_163,Dry,1999
SMCR8_163,Dry,2004
SMCR8_172,Wet,1991
SMCR8_172,Wet,1995
SMCR8_172,Dry,2004
SMCR8_172,Dry,1999
SMCR8_172,Average,1996
SMCR8_172,Average,2001
SMCR8_203,Wet,1993
SMCR8_203,Wet,1998
SMCR8_203,Average,2000
SMCR8_203,Average,1996
SMCR8_203,Dry,2009
SMCR8_203,Dry,1999
SMCR8_219,Wet,1995
SMCR8_219,Wet,1992
SMCR8_219,Average,2006
SMCR8_219,Average,2001
SMCR8_219,Dry,2002
SMCR8_219,Dry,1999
SMCR8_272,Wet,1993
SMCR8_272,Wet,1997
SMCR8_272,Dry,1994
SMCR8_272,Dry,2003
SMCR8_272,Average,1995
SMCR8_272,Average,1996
SMCR8_297,Wet,1998
SMCR8_297,Wet,1997
SMCR8_297,Dry,2002
SMCR8_297,Dry,1994
SMCR8_297,Average,2006
SMCR8_297,Average,2009
SMCR8_375,Wet,1995
SMCR8_375,Wet,1998
SMCR8_375,Average,1996
SMCR8_375,Average,2009
SMCR8_375,Dry,2000
SMCR8_375,Dry,2004
SMCR8_474,Dry,2002
SMCR8_474,Dry,2007
SMCR8_474,Wet,2011
SMCR8_474,Wet,2010
SMCR8_474,Average,2006
SMCR8_474,Average,2008
SMCR8_496,Wet,2005
SMCR8_496,Wet,1991
SMCR8_496,Average,1994
SMCR8_496,Average,2003
SMCR8_496,Dry,1996
SMCR8_496,Dry,2007
SMCR8_543,Wet,1997
SMCR8_543,Wet,1995
SMCR8_543,Average,1996
SMCR8_543,Average,1992
SMCR8_543,Dry,2000
SMCR8_543,Dry,2004
SMCR8_635,Wet,2003
SMCR8_635,Wet,1995
SMCR8_635,Average,2008
SMCR8_635,Average,2001
SMCR8_635,Dry,2000
SMCR8_635,Dry,2002
SMCR8_713,Dry,2004
SMCR8_713,Dry,2002
SMCR8_713,Wet,2005
SMCR8_713,Wet,2011
SMCR8_713,Average,2008
SMCR8_713,Average,2006
403S01728,Wet,1993
403S01728,Wet,2010
403S01728,Dry,2002
403S01728,Dry,1996
403S01728,Average,2008
403S01728,Average,2001
403WE0558,Average,2006
403WE0558,Average,2001
403WE0558,Wet,2010
403WE0558,Wet,2003
403WE0558,Dry,2007
403WE0558,Dry,2002
405WE0777,Average,1997
405WE0777,Average,2000
405WE0777,Wet,2001
405WE0777,Wet,2006
405WE0777,Dry,2008
405WE0777,Dry,2007
412ARSNPD,Average,2006
412ARSNPD,Average,1997
412ARSNPD,Wet,2003
412ARSNPD,Wet,2005
412ARSNPD,Dry,1999
412ARSNPD,Dry,2013
412WE0552,Average,1997
412WE0552,Average,2012
412WE0552,Wet,2003
412WE0552,Wet,2005
412WE0552,Dry,2000
412WE0552,Dry,1999
SMC00428,Average,2000
SMC00428,Average,2004
SMC00428,Dry,2012
SMC00428,Dry,2013
SMC00428,Wet,2008
SMC00428,Wet,2011
SMC00924,Average,1997
SMC00924,Average,2006
SMC00924,Wet,2005
SMC00924,Wet,2011
SMC00924,Dry,2013
SMC00924,Dry,2002
SMC02088,Dry,1999
SMC02088,Dry,2007
SMC02088,Average,2000
SMC02088,Average,2004
SMC02088,Wet,2001
SMC02088,Wet,2010
SMC02972,Average,2008
SMC02972,Average,2004
SMC02972,Wet,2003
SMC02972,Wet,2006
SMC02972,Dry,2013
SMC02972,Dry,2012
SMC13076,Wet,2003
SMC13076,Wet,2010
SMC13076,Dry,2002
SMC13076,Dry,2004
SMC13076,Average,2006
SMC13076,Average,2012
407CE0092,Wet,2006
407CE0092,Wet,2005
407CE0092,Dry,2009
407CE0092,Dry,2007
407CE0092,Average,2008
407CE0092,Average,2012
407CE0668,Wet,2010
407CE0668,Wet,2006
407CE0668,Dry,2009
407CE0668,Dry,2007
407CE0668,Average,2012
407CE0668,Average,2008
SMCR8_441,Average,2006
SMCR8_441,Average,2010
SMCR8_441,Wet,2005
SMCR8_441,Wet,2011
SMCR8_441,Dry,1999
SMCR8_441,Dry,2008
SGUT504,Average,1991
SGUT504,Average,1996
SGUT504,Wet,1998
SGUT504,Wet,2010
SGUT504,Dry,2012
SGUT504,Dry,1999
315GAVGSP,Wet,2010
315GAVGSP,Wet,2011
315GAVGSP,Dry,2007
315GAVGSP,Dry,2004
315GAVGSP,Average,1996
315GAVGSP,Average,1997
407CE0220,Wet,2011
407CE0220,Wet,2006
407CE0220,Dry,2007
407CE0220,Dry,2013
407CE0220,Average,2008
407CE0220,Average,2012
901SJC74x,Average,2001
901SJC74x,Average,1991
901SJC74x,Wet,2005
901SJC74x,Wet,1993
901SJC74x,Dry,2000
901SJC74x,Dry,2002
907S03210,Wet,1995
907S03210,Wet,2003
907S03210,Average,1996
907S03210,Average,2007
907S03210,Dry,2013
907S03210,Dry,2004
911S00858,Wet,2011
911S00858,Wet,2005
911S00858,Average,2008
911S00858,Average,2007
911S00858,Dry,1999
911S00858,Dry,2012
911S03354,Dry,2007
911S03354,Dry,2013
911S03354,Wet,2005
911S03354,Wet,2008
911S03354,Average,2009
911S03354,Average,2006
ME-VR2,Wet,2003
ME-VR2,Wet,2005
ME-VR2,Dry,1994
ME-VR2,Dry,2007
ME-VR2,Average,1996
ME-VR2,Average,1997
SMC01640,Wet,2005
SMC01640,Wet,2010
SMC01640,Average,2008
SMC01640,Average,1996
SMC01640,Dry,2000
SMC01640,Dry,1999
SMC01692,Average,2004
SMC01692,Average,1997
SMC01692,Wet,2005
SMC01692,Wet,2011
SMC01692,Dry,1999
SMC01692,Dry,2007
SMC03304,Average,2000
SMC03304,Average,1997
SMC03304,Wet,1992
SMC03304,Wet,2003
SMC03304,Dry,2013
SMC03304,Dry,2007
SMC04134,Dry,2007
SMC04134,Dry,2006
SMC04134,Wet,2005
SMC04134,Wet,2003
SMC04134,Average,2004
SMC04134,Average,2013
SMC05423,Wet,2011
SMC05423,Wet,2006
SMC05423,Dry,2007
SMC05423,Dry,2012
SMC05423,Average,2010
SMC05423,Average,2008
SMC06926,Wet,1996
SMC06926,Wet,1998
SMC06926,Average,1999
SMC06926,Average,2003
SMC06926,Dry,2013
SMC06926,Dry,2006
SMC08335,Wet,1993
SMC08335,Wet,2001
SMC08335,Dry,1994
SMC08335,Dry,2007
SMC08335,Average,2004
SMC08335,Average,1996
SMC09325,Wet,1995
SMC09325,Wet,1991
SMC09325,Average,1997
SMC09325,Average,2001
SMC09325,Dry,2002
SMC09325,Dry,1996
SMC19697,Wet,1995
SMC19697,Wet,2006
SMC19697,Dry,2002
SMC19697,Dry,2009
SMC19697,Average,2008
SMC19697,Average,2004
SMC35697,Wet,2011
SMC35697,Wet,1993
SMC35697,Dry,2009
SMC35697,Dry,2002
SMC35697,Average,1996
SMC35697,Average,2004
SMC08845,Wet,1991
SMC08845,Wet,1995
SMC08845,Average,1997
SMC08845,Average,1996
SMC08845,Dry,2007
SMC08845,Dry,2006
801RB8501,Wet,1992
801RB8501,Wet,1998
801RB8501,Dry,2002
801RB8501,Dry,2003
801RB8501,Average,1995
801RB8501,Average,1996
801S08727,Wet,1995
801S08727,Wet,1992
801S08727,Average,1996
801S08727,Average,2008
801S08727,Dry,2001
801S08727,Dry,2000
801WE1008,Wet,2003
801WE1008,Wet,2005
801WE1008,Average,2011
801WE1008,Average,2000
801WE1008,Dry,2009
801WE1008,Dry,2008
SMCR8_028,Average,1997
SMCR8_028,Average,2004
SMCR8_028,Wet,2008
SMCR8_028,Wet,1998
SMCR8_028,Dry,1999
SMCR8_028,Dry,1994
SMCR8_062,Wet,1992
SMCR8_062,Wet,1998
SMCR8_062,Dry,2000
SMCR8_062,Dry,1994
SMCR8_062,Average,2008
SMCR8_062,Average,2004
SMCR8_240,Dry,2007
SMCR8_240,Dry,2002
SMCR8_240,Wet,1992
SMCR8_240,Wet,1996
SMCR8_240,Average,1995
SMCR8_240,Average,1994
SMCR8_270,Wet,1993
SMCR8_270,Wet,2005
SMCR8_270,Average,2009
SMCR8_270,Average,1994
SMCR8_270,Dry,2007
SMCR8_270,Dry,1999
SMCR8_530,Wet,1998
SMCR8_530,Wet,1992
SMCR8_530,Average,1996
SMCR8_530,Average,1994
SMCR8_530,Dry,2009
SMCR8_530,Dry,2000
314WE0796,Average,1994
314WE0796,Average,1999
314WE0796,Wet,1992
314WE0796,Wet,2005
314WE0796,Dry,2013
314WE0796,Dry,2009
403BA0960,Average,2003
403BA0960,Average,1992
403BA0960,Wet,1998
403BA0960,Wet,2005
403BA0960,Dry,2001
403BA0960,Dry,2000
SMC00476,Dry,1996
SMC00476,Dry,1999
SMC00476,Average,2004
SMC00476,Average,2012
SMC00476,Wet,2003
SMC00476,Wet,2001
404BA0084,Wet,2005
404BA0084,Wet,2001
404BA0084,Dry,2013
404BA0084,Dry,2007
404BA0084,Average,2009
404BA0084,Average,2006
404BA0376,Wet,1995
404BA0376,Wet,2005
404BA0376,Average,2003
404BA0376,Average,1996
404BA0376,Dry,2002
404BA0376,Dry,2004
404BA0526,Dry,1994
404BA0526,Dry,1991
404BA0526,Wet,1992
404BA0526,Wet,1995
404BA0526,Average,1996
404BA0526,Average,1997
404BA0852,Dry,1991
404BA0852,Dry,1994
404BA0852,Wet,1993
404BA0852,Wet,1995
404BA0852,Average,1997
404BA0852,Average,1996
404BA0964,Wet,2001
404BA0964,Wet,2003
404BA0964,Dry,2007
404BA0964,Dry,2004
404BA0964,Average,2009
404BA0964,Average,2006
404BA1144,Wet,1995
404BA1144,Wet,2001
404BA1144,Average,2010
404BA1144,Average,2006
404BA1144,Dry,2000
404BA1144,Dry,2004
404S00808,Wet,1997
404S00808,Wet,1995
404S00808,Average,2001
404S00808,Average,1996
404S00808,Dry,2000
404S00808,Dry,2006
404S01128,Wet,2010
404S01128,Wet,1997
404S01128,Average,1996
404S01128,Average,2006
404S01128,Dry,2000
404S01128,Dry,2002
404S02920,Dry,2007
404S02920,Dry,1996
404S02920,Average,1997
404S02920,Average,2000
404S02920,Wet,2001
404S02920,Wet,1998
404S03048,Dry,1996
404S03048,Dry,2002
404S03048,Average,2006
404S03048,Average,2000
404S03048,Wet,2011
404S03048,Wet,1998
404S06456,Wet,2011
404S06456,Wet,1998
404S06456,Average,1999
404S06456,Average,2008
404S06456,Dry,2004
404S06456,Dry,2006
404S08040,Average,2006
404S08040,Average,1996
404S08040,Wet,2001
404S08040,Wet,2010
404S08040,Dry,2002
404S08040,Dry,2008
404S08846,Wet,2011
404S08846,Wet,1993
404S08846,Average,2012
404S08846,Average,2008
404S08846,Dry,2006
404S08846,Dry,2004
404S11880,Wet,2005
404S11880,Wet,1992
404S11880,Dry,2000
404S11880,Dry,1996
404S11880,Average,1997
404S11880,Average,2006
404S13416,Wet,1997
404S13416,Wet,2010
404S13416,Average,2003
404S13416,Average,2006
404S13416,Dry,2000
404S13416,Dry,2008
404S14952,Wet,2001
404S14952,Wet,2011
404S14952,Average,2003
404S14952,Average,1997
404S14952,Dry,1999
404S14952,Dry,2002
404S16232,Wet,2001
404S16232,Wet,1995
404S16232,Average,2006
404S16232,Average,1997
404S16232,Dry,2007
404S16232,Dry,2000
404S17266,Wet,2010
404S17266,Wet,2005
404S17266,Average,2003
404S17266,Average,2001
404S17266,Dry,2000
404S17266,Dry,2002
404S17664,Wet,1995
404S17664,Wet,2010
404S17664,Average,1996
404S17664,Average,2006
404S17664,Dry,2007
404S17664,Dry,2004
404S22464,Wet,1998
404S22464,Wet,1992
404S22464,Dry,2000
404S22464,Dry,2007
404S22464,Average,2006
404S22464,Average,1997
404S25668,Wet,2005
404S25668,Wet,2011
404S25668,Dry,2008
404S25668,Dry,2000
404S25668,Average,2001
404S25668,Average,2006
404S26868,Wet,1995
404S26868,Wet,1998
404S26868,Average,2006
404S26868,Average,2001
404S26868,Dry,2007
404S26868,Dry,2000
404S28068,Wet,1998
404S28068,Wet,2005
404S28068,Average,2006
404S28068,Average,2003
404S28068,Dry,2004
404S28068,Dry,2000
404S32468,Wet,2010
404S32468,Wet,1997
404S32468,Average,2001
404S32468,Average,1996
404S32468,Dry,2002
404S32468,Dry,2000
404S35270,Wet,1992
404S35270,Wet,2005
404S35270,Dry,2002
404S35270,Dry,2000
404S35270,Average,2008
404S35270,Average,1997
404S45622,Wet,1995
404S45622,Wet,2001
404S45622,Average,1999
404S45622,Average,2012
404S45622,Dry,2007
404S45622,Dry,2013
408BA0268,Dry,1994
408BA0268,Dry,1991
408BA0268,Wet,1992
408BA0268,Wet,2001
408BA0268,Average,2008
408BA0268,Average,2006
801WE0669,Wet,2005
801WE0669,Wet,1992
801WE0669,Average,1995
801WE0669,Average,1996
801WE0669,Dry,1997
801WE0669,Dry,2000
907SDSDR9,Dry,2007
907SDSDR9,Dry,2004
907SDSDR9,Wet,2003
907SDSDR9,Wet,2009
907SDSDR9,Average,2013
907SDSDR9,Average,2006
907SSDR11,Wet,2005
907SSDR11,Wet,2003
907SSDR11,Average,2009
907SSDR11,Average,2004
907SSDR11,Dry,2006
907SSDR11,Dry,2013
909WE1014,Dry,2013
909WE1014,Dry,2002
909WE1014,Wet,2008
909WE1014,Wet,2005
909WE1014,Average,2012
909WE1014,Average,2006
SMC01172,Dry,1994
SMC01172,Dry,1991
SMC01172,Wet,1992
SMC01172,Wet,1993
SMC01172,Average,1996
SMC01172,Average,1997
SMC01512,Wet,1992
SMC01512,Wet,2003
SMC01512,Dry,1996
SMC01512,Dry,2000
SMC01512,Average,1997
SMC01512,Average,2001
SMC01550,Dry,1991
SMC01550,Dry,1994
SMC01550,Wet,1992
SMC01550,Wet,1993
SMC01550,Average,1996
SMC01550,Average,1997
SMC01694,Average,2010
SMC01694,Average,2004
SMC01694,Wet,1995
SMC01694,Wet,1997
SMC01694,Dry,2012
SMC01694,Dry,2008
SMC02152,Wet,2010
SMC02152,Wet,1997
SMC02152,Average,2001
SMC02152,Average,2006
SMC02152,Dry,2008
SMC02152,Dry,2002
SMC02536,Wet,1998
SMC02536,Wet,1995
SMC02536,Dry,2012
SMC02536,Dry,1999
SMC02536,Average,2008
SMC02536,Average,2000
SMC02984,Average,2003
SMC02984,Average,1997
SMC02984,Wet,1993
SMC02984,Wet,1995
SMC02984,Dry,2007
SMC02984,Dry,2008
SMC03110,Wet,2003
SMC03110,Wet,2005
SMC03110,Average,2009
SMC03110,Average,2004
SMC03110,Dry,2007
SMC03110,Dry,2013
SMC03438,Average,2000
SMC03438,Average,1996
SMC03438,Wet,1993
SMC03438,Wet,1995
SMC03438,Dry,2006
SMC03438,Dry,2007
SMC03944,Wet,2001
SMC03944,Wet,2011
SMC03944,Average,1996
SMC03944,Average,1997
SMC03944,Dry,2008
SMC03944,Dry,2007
SMC04750,Wet,1998
SMC04750,Wet,2011
SMC04750,Average,1999
SMC04750,Average,2012
SMC04750,Dry,2004
SMC04750,Dry,2013
SMC05165,Wet,1993
SMC05165,Wet,2003
SMC05165,Average,2001
SMC05165,Average,1996
SMC05165,Dry,2008
SMC05165,Dry,2006
SMC07126,Dry,2002
SMC07126,Dry,2007
SMC07126,Wet,2010
SMC07126,Wet,2005
SMC07126,Average,2006
SMC07126,Average,2013
SMC09162,Dry,2004
SMC09162,Dry,2002
SMC09162,Wet,2003
SMC09162,Wet,2005
SMC09162,Average,2006
SMC09162,Average,2012
SMC10685,Wet,1993
SMC10685,Wet,1995
SMC10685,Dry,1996
SMC10685,Dry,2004
SMC10685,Average,2003
SMC10685,Average,1997
SMC11384,Wet,2005
SMC11384,Wet,1993
SMC11384,Average,2006
SMC11384,Average,2008
SMC11384,Dry,2004
SMC11384,Dry,2007
SMC12246,Dry,2007
SMC12246,Dry,2004
SMC12246,Wet,2005
SMC12246,Wet,2003
SMC12246,Average,2006
SMC12246,Average,2013
SMC12814,Dry,1991
SMC12814,Dry,1994
SMC12814,Wet,1992
SMC12814,Wet,1993
SMC12814,Average,1997
SMC12814,Average,1996
SMC14218,Dry,2004
SMC14218,Dry,2002
SMC14218,Wet,2005
SMC14218,Wet,2003
SMC14218,Average,2012
SMC14218,Average,2006
SMC16266,Dry,2004
SMC16266,Dry,2013
SMC16266,Wet,2005
SMC16266,Wet,2003
SMC16266,Average,2006
SMC16266,Average,2012
SMC20994,Wet,2001
SMC20994,Wet,1993
SMC20994,Average,2000
SMC20994,Average,1994
SMC20994,Dry,2006
SMC20994,Dry,2007
SMC23495,Dry,2004
SMC23495,Dry,2013
SMC23495,Wet,2008
SMC23495,Wet,2003
SMC23495,Average,2012
SMC23495,Average,2006
SMC26694,Dry,2013
SMC26694,Dry,2004
SMC26694,Wet,2003
SMC26694,Wet,2005
SMC26694,Average,2012
SMC26694,Average,2006
SMCR8_012,Average,2009
SMCR8_012,Average,2001
SMCR8_012,Wet,1998
SMCR8_012,Wet,1995
SMCR8_012,Dry,2004
SMCR8_012,Dry,2013
SMCR8_151,Wet,1993
SMCR8_151,Wet,2003
SMCR8_151,Average,2004
SMCR8_151,Average,1996
SMCR8_151,Dry,2007
SMCR8_151,Dry,2006
SMCR8_153,Wet,1998
SMCR8_153,Wet,1997
SMCR8_153,Dry,2002
SMCR8_153,Dry,2006
SMCR8_153,Average,2001
SMCR8_153,Average,1999
SMCR8_162,Wet,1998
SMCR8_162,Wet,1997
SMCR8_162,Average,2001
SMCR8_162,Average,1992
SMCR8_162,Dry,2000
SMCR8_162,Dry,1999
SMCR8_236,Wet,1998
SMCR8_236,Wet,1995
SMCR8_236,Average,1992
SMCR8_236,Average,2001
SMCR8_236,Dry,1999
SMCR8_236,Dry,2000
SMCR8_304,Dry,2007
SMCR8_304,Dry,2002
SMCR8_304,Wet,2006
SMCR8_304,Wet,1992
SMCR8_304,Average,2000
SMCR8_304,Average,2001
SMC01046,Wet,2005
SMC01046,Wet,2010
SMC01046,Average,2009
SMC01046,Average,2004
SMC01046,Dry,2006
SMC01046,Dry,2007
403FCA038,Wet,2003
403FCA038,Wet,2005
403FCA038,Dry,2002
403FCA038,Dry,1994
403FCA038,Average,2008
403FCA038,Average,1996
403S01272,Dry,2004
403S01272,Dry,2002
403S01272,Wet,2003
403S01272,Wet,2005
403S01272,Average,2000
403S01272,Average,1997
403S01784,Average,1994
403S01784,Average,2003
403S01784,Wet,1995
403S01784,Wet,1998
403S01784,Dry,2002
403S01784,Dry,2013
403S04600,Dry,2013
403S04600,Dry,2007
403S04600,Wet,2010
403S04600,Wet,2011
403S04600,Average,2009
403S04600,Average,2012
403S11084,Average,2000
403S11084,Average,1991
403S11084,Wet,1992
403S11084,Wet,1993
403S11084,Dry,2009
403S11084,Dry,1999
403S14156,Average,2001
403S14156,Average,1991
403S14156,Wet,1992
403S14156,Wet,2005
403S14156,Dry,2002
403S14156,Dry,1994
403S15608,Dry,2004
403S15608,Dry,1999
403S15608,Wet,2006
403S15608,Wet,1998
403S15608,Average,2000
403S15608,Average,1997
403S34646,Average,1991
403S34646,Average,2000
403S34646,Wet,2005
403S34646,Wet,1995
403S34646,Dry,1999
403S34646,Dry,2007
403STC019,Average,2000
403STC019,Average,2008
403STC019,Wet,2010
403STC019,Wet,1993
403STC019,Dry,2007
403STC019,Dry,1994
404S08616,Wet,1995
404S08616,Wet,1997
404S08616,Average,1996
404S08616,Average,2001
404S08616,Dry,2007
404S08616,Dry,2006
801WE0989,Wet,1997
801WE0989,Wet,2011
801WE0989,Dry,2008
801WE0989,Dry,2007
801WE0989,Average,2009
801WE0989,Average,2010
SMC01372,Wet,2005
SMC01372,Wet,1995
SMC01372,Average,2000
SMC01372,Average,2006
SMC01372,Dry,2002
SMC01372,Dry,1997
SMC01676,Wet,2003
SMC01676,Wet,2001
SMC01676,Dry,2004
SMC01676,Dry,1999
SMC01676,Average,2000
SMC01676,Average,2006
SMC04748,Wet,1998
SMC04748,Wet,1995
SMC04748,Dry,2002
SMC04748,Dry,1999
SMC04748,Average,1997
SMC04748,Average,2003
SMC09564,Average,2000
SMC09564,Average,1991
SMC09564,Wet,2006
SMC09564,Wet,1998
SMC09564,Dry,2007
SMC09564,Dry,1996
SMC17056,Average,2001
SMC17056,Average,2000
SMC17056,Wet,2006
SMC17056,Wet,1993
SMC17056,Dry,2002
SMC17056,Dry,1996
SMC17692,Wet,1998
SMC17692,Wet,1995
SMC17692,Dry,2002
SMC17692,Dry,1996
SMC17692,Average,2006
SMC17692,Average,1997
SMC20092,Wet,1995
SMC20092,Wet,2001
SMC20092,Dry,1999
SMC20092,Dry,2002
SMC20092,Average,2003
SMC20092,Average,1997
SMC21382,Wet,2005
SMC21382,Wet,2006
SMC21382,Dry,2004
SMC21382,Dry,2002
SMC21382,Average,1997
SMC21382,Average,2003
SMCR8_019,Wet,1993
SMCR8_019,Wet,1998
SMCR8_019,Dry,1996
SMCR8_019,Dry,2000
SMCR8_019,Average,2004
SMCR8_019,Average,2009
SMCR8_450,Wet,1995
SMCR8_450,Wet,1998
SMCR8_450,Average,1997
SMCR8_450,Average,2001
SMCR8_450,Dry,2006
SMCR8_450,Dry,2007
SMCR8_567,Wet,1995
SMCR8_567,Wet,1993
SMCR8_567,Average,1997
SMCR8_567,Average,2003
SMCR8_567,Dry,2006
SMCR8_567,Dry,1996
408WE1039,Average,2006
408WE1039,Average,2000
408WE1039,Wet,2005
408WE1039,Wet,2001
408WE1039,Dry,2007
408WE1039,Dry,2004
902S02293,Wet,1991
902S02293,Wet,1998
902S02293,Average,1997
902S02293,Average,2001
902S02293,Dry,2004
902S02293,Dry,2002
801SJR159,Wet,1992
801SJR159,Wet,1991
801SJR159,Dry,2002
801SJR159,Dry,1999
801SJR159,Average,1996
801SJR159,Average,2001
901S00469,Dry,2008
901S00469,Dry,2002
901S00469,Wet,2003
901S00469,Wet,2011
901S00469,Average,2004
901S00469,Average,2006
901S04309,Dry,2007
901S04309,Dry,2009
901S04309,Average,2004
901S04309,Average,2006
901S04309,Wet,2010
901S04309,Wet,2008
901S04565,Dry,2007
901S04565,Dry,2002
901S04565,Wet,2005
901S04565,Wet,2011
901S04565,Average,2006
901S04565,Average,2004
905SDYSA7,Average,1999
905SDYSA7,Average,2008
905SDYSA7,Wet,2001
905SDYSA7,Wet,2005
905SDYSA7,Dry,2007
905SDYSA7,Dry,2004
907S05514,Dry,1996
907S05514,Dry,2002
907S05514,Wet,2008
907S05514,Wet,2006
907S05514,Average,2004
907S05514,Average,2007
911S01818,Dry,2002
911S01818,Dry,2004
911S01818,Wet,2010
911S01818,Wet,2003
911S01818,Average,2006
911S01818,Average,2009
SMC04204,Average,2004
SMC04204,Average,2001
SMC04204,Dry,2013
SMC04204,Dry,2012
SMC04204,Wet,2006
SMC04204,Wet,2003
907S00577,Wet,1998
907S00577,Wet,1997
907S00577,Dry,2002
907S00577,Dry,2007
907S00577,Average,2001
907S00577,Average,1999
SMC15464,Wet,2005
SMC15464,Wet,1993
SMC15464,Average,2003
SMC15464,Average,2001
SMC15464,Dry,1999
SMC15464,Dry,2007
SMC19669,Wet,1998
SMC19669,Wet,1993
SMC19669,Average,2001
SMC19669,Average,2000
SMC19669,Dry,2002
SMC19669,Dry,2004
403S03832,Dry,2013
403S03832,Dry,2007
403S03832,Wet,2006
403S03832,Wet,2005
403S03832,Average,2009
403S03832,Average,2004
314WE0542,Wet,1992
314WE0542,Wet,1995
314WE0542,Dry,1999
314WE0542,Dry,2007
314WE0542,Average,2003
314WE0542,Average,1997
403S01536,Wet,1993
403S01536,Wet,2010
403S01536,Dry,2007
403S01536,Dry,1996
403S01536,Average,2008
403S01536,Average,2006
403WE0682,Wet,1993
403WE0682,Wet,2003
403WE0682,Dry,2000
403WE0682,Dry,2007
403WE0682,Average,2006
403WE0682,Average,2008
403WE1027,Wet,2008
403WE1027,Wet,2001
403WE1027,Dry,2004
403WE1027,Dry,1996
403WE1027,Average,2010
403WE1027,Average,1997
404BA0616,Wet,1993
404BA0616,Wet,1992
404BA0616,Dry,2002
404BA0616,Dry,1996
404BA0616,Average,2006
404BA0616,Average,2000
901S00313,Average,1996
901S00313,Average,2003
901S00313,Wet,1997
901S00313,Wet,1992
901S00313,Dry,2006
901S00313,Dry,2002
901S01849,Wet,1998
901S01849,Wet,1997
901S01849,Average,2001
901S01849,Average,2006
901S01849,Dry,2000
901S01849,Dry,2004
901S04409,Average,2003
901S04409,Average,1996
901S04409,Wet,2005
901S04409,Wet,1997
901S04409,Dry,2002
901S04409,Dry,1999
901S06969,Wet,2005
901S06969,Wet,1993
901S06969,Dry,2002
901S06969,Dry,2007
901S06969,Average,2006
901S06969,Average,2001
905CE0512,Wet,1995
905CE0512,Wet,1998
905CE0512,Average,2006
905CE0512,Average,1999
905CE0512,Dry,2000
905CE0512,Dry,2002
905S02561,Wet,2010
905S02561,Wet,2003
905S02561,Dry,2000
905S02561,Dry,2001
905S02561,Average,2009
905S02561,Average,1999
905WE0679,Wet,1995
905WE0679,Wet,2010
905WE0679,Dry,2013
905WE0679,Dry,2000
905WE0679,Average,2009
905WE0679,Average,2006
905WE1018,Wet,2005
905WE1018,Wet,2008
905WE1018,Dry,1996
905WE1018,Dry,2007
905WE1018,Average,1999
905WE1018,Average,2009
907S01434,Dry,2013
907S01434,Dry,2007
907S01434,Wet,2005
907S01434,Wet,2010
907S01434,Average,2009
907S01434,Average,2012
907S03786,Dry,2002
907S03786,Dry,2004
907S03786,Wet,2008
907S03786,Wet,2003
907S03786,Average,2012
907S03786,Average,2009
SMC02568,Average,2012
SMC02568,Average,2004
SMC02568,Wet,2001
SMC02568,Wet,2011
SMC02568,Dry,1999
SMC02568,Dry,2007
